Sampling apparatus,Device Opening Dimension (cm),Min particle size um,Max particle size um,Sampling location,System,Single Measurement conc (#/m3),Minimum conc (#/m3),Mean conc (#/m3),Median conc (#/m3),Maximum conc (#/m3),"Standard
deviation conc (#/m3)",Probability distribution,Reference
"Trawl net: 18 cm high, 333 μm mesh size.",18,333,5000,"Lake Winnipeg, Canada",Lake,2.92E-1,N.A.,N.A.,N.A.,N.A.,N.A.,N.A.,Anderson et al. (2017)
"Trawl net: 18 cm high, 333 μm mesh size.",18,333,5000,"Lake Winnipeg, Canada",Lake,3.71E-1,N.A.,N.A.,N.A.,N.A.,N.A.,N.A.,Anderson et al. (2017)
"Trawl net: 18 cm high, 333 μm mesh size.",18,333,5000,"Lake Winnipeg, Canada",Lake,3.84E-1,N.A.,N.A.,N.A.,N.A.,N.A.,N.A.,Anderson et al. (2017)
"Trawl net: 18 cm high, 333 μm mesh size.",18,333,5000,"Lake Winnipeg, Canada",Lake,5.31E-1,N.A.,N.A.,N.A.,N.A.,N.A.,N.A.,Anderson et al. (2017)
"Trawl net: 18 cm high, 333 μm mesh size.",18,333,5000,"Lake Winnipeg, Canada",Lake,5.45E-1,N.A.,N.A.,N.A.,N.A.,N.A.,N.A.,Anderson et al. (2017)
"Trawl net: 18 cm high, 333 μm mesh size.",18,333,5000,"Lake Winnipeg, Canada",Lake,5.47E-1,N.A.,N.A.,N.A.,N.A.,N.A.,N.A.,Anderson et al. (2017)
"Trawl net: 18 cm high, 333 μm mesh size.",18,333,5000,"Lake Winnipeg, Canada",Lake,6.00E-1,N.A.,N.A.,N.A.,N.A.,N.A.,N.A.,Anderson et al. (2017)
"Trawl net: 18 cm high, 333 μm mesh size.",18,333,5000,"Lake Winnipeg, Canada",Lake,6.76E-1,N.A.,N.A.,N.A.,N.A.,N.A.,N.A.,Anderson et al. (2017)
"Trawl net: 18 cm high, 333 μm mesh size.",18,333,5000,"Lake Winnipeg, Canada",Lake,7.75E-1,N.A.,N.A.,N.A.,N.A.,N.A.,N.A.,Anderson et al. (2017)
"Trawl net: 18 cm high, 333 μm mesh size.",18,333,5000,"Lake Winnipeg, Canada",Lake,7.82E-1,N.A.,N.A.,N.A.,N.A.,N.A.,N.A.,Anderson et al. (2017)
"Trawl net: 18 cm high, 333 μm mesh size.",18,333,5000,"Lake Winnipeg, Canada",Lake,8.25E-1,N.A.,N.A.,N.A.,N.A.,N.A.,N.A.,Anderson et al. (2017)
"Trawl net: 18 cm high, 333 μm mesh size.",18,333,5000,"Lake Winnipeg, Canada",Lake,8.77E-1,N.A.,N.A.,N.A.,N.A.,N.A.,N.A.,Anderson et al. (2017)
"Trawl net: 18 cm high, 333 μm mesh size.",18,333,5000,"Lake Winnipeg, Canada",Lake,8.99E-1,N.A.,N.A.,N.A.,N.A.,N.A.,N.A.,Anderson et al. (2017)
"Trawl net: 18 cm high, 333 μm mesh size.",18,333,5000,"Lake Winnipeg, Canada",Lake,9.42E-1,N.A.,N.A.,N.A.,N.A.,N.A.,N.A.,Anderson et al. (2017)
"Trawl net: 18 cm high, 333 μm mesh size.",18,333,5000,"Lake Winnipeg, Canada",Lake,9.42E-1,N.A.,N.A.,N.A.,N.A.,N.A.,N.A.,Anderson et al. (2017)
"Trawl net: 18 cm high, 333 μm mesh size.",18,333,5000,"Lake Winnipeg, Canada",Lake,9.54E-1,N.A.,N.A.,N.A.,N.A.,N.A.,N.A.,Anderson et al. (2017)
"Trawl net: 18 cm high, 333 μm mesh size.",18,333,5000,"Lake Winnipeg, Canada",Lake,9.69E-1,N.A.,N.A.,N.A.,N.A.,N.A.,N.A.,Anderson et al. (2017)
"Trawl net: 18 cm high, 333 μm mesh size.",18,333,5000,"Lake Winnipeg, Canada",Lake,1.03E+0,N.A.,N.A.,N.A.,N.A.,N.A.,N.A.,Anderson et al. (2017)
"Trawl net: 18 cm high, 333 μm mesh size.",18,333,5000,"Lake Winnipeg, Canada",Lake,1.03E+0,N.A.,N.A.,N.A.,N.A.,N.A.,N.A.,Anderson et al. (2017)
"Trawl net: 18 cm high, 333 μm mesh size.",18,333,5000,"Lake Winnipeg, Canada",Lake,1.04E+0,N.A.,N.A.,N.A.,N.A.,N.A.,N.A.,Anderson et al. (2017)
"Trawl net: 18 cm high, 333 μm mesh size.",18,333,5000,"Lake Winnipeg, Canada",Lake,1.05E+0,N.A.,N.A.,N.A.,N.A.,N.A.,N.A.,Anderson et al. (2017)
"Trawl net: 18 cm high, 333 μm mesh size.",18,333,5000,"Lake Winnipeg, Canada",Lake,1.06E+0,N.A.,N.A.,N.A.,N.A.,N.A.,N.A.,Anderson et al. (2017)
"Trawl net: 18 cm high, 333 μm mesh size.",18,333,5000,"Lake Winnipeg, Canada",Lake,1.07E+0,N.A.,N.A.,N.A.,N.A.,N.A.,N.A.,Anderson et al. (2017)
"Trawl net: 18 cm high, 333 μm mesh size.",18,333,5000,"Lake Winnipeg, Canada",Lake,1.20E+0,N.A.,N.A.,N.A.,N.A.,N.A.,N.A.,Anderson et al. (2017)
"Trawl net: 18 cm high, 333 μm mesh size.",18,333,5000,"Lake Winnipeg, Canada",Lake,1.21E+0,N.A.,N.A.,N.A.,N.A.,N.A.,N.A.,Anderson et al. (2017)
"Trawl net: 18 cm high, 333 μm mesh size.",18,333,5000,"Lake Winnipeg, Canada",Lake,1.23E+0,N.A.,N.A.,N.A.,N.A.,N.A.,N.A.,Anderson et al. (2017)
"Trawl net: 18 cm high, 333 μm mesh size.",18,333,5000,"Lake Winnipeg, Canada",Lake,1.25E+0,N.A.,N.A.,N.A.,N.A.,N.A.,N.A.,Anderson et al. (2017)
"Trawl net: 18 cm high, 333 μm mesh size.",18,333,5000,"Lake Winnipeg, Canada",Lake,1.28E+0,N.A.,N.A.,N.A.,N.A.,N.A.,N.A.,Anderson et al. (2017)
"Trawl net: 18 cm high, 333 μm mesh size.",18,333,5000,"Lake Winnipeg, Canada",Lake,1.38E+0,N.A.,N.A.,N.A.,N.A.,N.A.,N.A.,Anderson et al. (2017)
"Trawl net: 18 cm high, 333 μm mesh size.",18,333,5000,"Lake Winnipeg, Canada",Lake,1.46E+0,N.A.,N.A.,N.A.,N.A.,N.A.,N.A.,Anderson et al. (2017)
"Trawl net: 18 cm high, 333 μm mesh size.",18,333,5000,"Lake Winnipeg, Canada",Lake,1.48E+0,N.A.,N.A.,N.A.,N.A.,N.A.,N.A.,Anderson et al. (2017)
"Trawl net: 18 cm high, 333 μm mesh size.",18,333,5000,"Lake Winnipeg, Canada",Lake,1.55E+0,N.A.,N.A.,N.A.,N.A.,N.A.,N.A.,Anderson et al. (2017)
"Trawl net: 18 cm high, 333 μm mesh size.",18,333,5000,"Lake Winnipeg, Canada",Lake,1.57E+0,N.A.,N.A.,N.A.,N.A.,N.A.,N.A.,Anderson et al. (2017)
"Trawl net: 18 cm high, 333 μm mesh size.",18,333,5000,"Lake Winnipeg, Canada",Lake,1.63E+0,N.A.,N.A.,N.A.,N.A.,N.A.,N.A.,Anderson et al. (2017)
"Trawl net: 18 cm high, 333 μm mesh size.",18,333,5000,"Lake Winnipeg, Canada",Lake,4.16E+0,N.A.,N.A.,N.A.,N.A.,N.A.,N.A.,Anderson et al. (2017)
"Trawl net: 18 cm high, 333 μm mesh size.",18,333,5000,"Ottawa River basin, Canada",River,N.A.,N.A.,N.A.,5.00E+1,N.A.,N.A.,N.A.,Vermaire et al. (2017)
"Trawl net: 18 cm high, 333 μm mesh size.",18,333,5000,"Ottawa River basin, Canada",River,N.A.,N.A.,N.A.,1.10E+2,N.A.,N.A.,N.A.,Vermaire et al. (2017)
"Trawl net: 18 cm high, 333 μm mesh size.",18,333,5000,"Ottawa River basin, Canada",River,N.A.,N.A.,N.A.,9.00E+1,N.A.,N.A.,N.A.,Vermaire et al. (2017)
"Bottles: 0.5 m depth, 100 L filtered at 100 μm.",,100,5000,"Ottawa River basin, Canada",River,N.A.,N.A.,N.A.,9.00E+1,N.A.,N.A.,N.A.,Vermaire et al. (2017)
"Bottles: 0.5 m depth, 100 L filtered at 100 μm.",,100,5000,"Ottawa River basin, Canada",River,N.A.,N.A.,N.A.,1.10E+2,N.A.,N.A.,N.A.,Vermaire et al. (2017)
"Bottles: 0.5 m depth, 100 L filtered at 100 μm.",,100,5000,"Ottawa River basin, Canada",River,N.A.,N.A.,N.A.,7.00E+1,N.A.,N.A.,N.A.,Vermaire et al. (2017)
Teflon pump (0-20 cm deep); 50 μm stainless steel sieve.,,50,5000,"Bei Lake, China",Lake,N.A.,7.80E+3,8.93E+3,N.A.,1.01E+4,N.A.,Triangular: min-mean-max,Wang et al. (2017)
Teflon pump (0-20 cm deep); 50 μm stainless steel sieve.,,50,5000,"Beitaizi Lake, China",Lake,N.A.,3.40E+3,3.83E+3,N.A.,4.25E+3,N.A.,Triangular: min-mean-max,Wang et al. (2017)
Teflon pump (0-20 cm deep); 50 μm stainless steel sieve.,,50,5000,"Dong Lake, China",Lake,N.A.,3.36E+3,5.91E+3,N.A.,7.64E+3,N.A.,Triangular: min-mean-max,Wang et al. (2017)
Teflon pump (0-20 cm deep); 50 μm stainless steel sieve.,,50,5000,"Houguan Lake, China",Lake,N.A.,2.30E+3,3.84E+3,N.A.,4.90E+3,N.A.,Triangular: min-mean-max,Wang et al. (2017)
Teflon pump (0-20 cm deep); 50 μm stainless steel sieve.,,50,5000,"Hou Lake, China",Lake,N.A.,1.44E+3,3.05E+3,N.A.,4.98E+3,N.A.,Triangular: min-mean-max,Wang et al. (2017)
Teflon pump (0-20 cm deep); 50 μm stainless steel sieve.,,50,5000,"Huangjia Lake, China",Lake,N.A.,2.95E+3,3.65E+3,N.A.,4.25E+3,N.A.,Triangular: min-mean-max,Wang et al. (2017)
Teflon pump (0-20 cm deep); 50 μm stainless steel sieve.,,50,5000,"Huanzi Lake, China",Lake,N.A.,7.85E+3,8.55E+3,N.A.,9.25E+3,N.A.,Triangular: min-mean-max,Wang et al. (2017)
Teflon pump (0-20 cm deep); 50 μm stainless steel sieve.,,50,5000,"Jinyin Lake, China",Lake,N.A.,2.05E+3,4.60E+3,N.A.,6.30E+3,N.A.,Triangular: min-mean-max,Wang et al. (2017)
Teflon pump (0-20 cm deep); 50 μm stainless steel sieve.,,50,5000,"Longyang Lake, China",Lake,N.A.,4.35E+3,5.28E+3,N.A.,5.80E+3,N.A.,Triangular: min-mean-max,Wang et al. (2017)
Teflon pump (0-20 cm deep); 50 μm stainless steel sieve.,,50,5000,"Moshui Lake, China",Lake,N.A.,4.62E+3,5.66E+3,N.A.,5.72E+3,N.A.,Triangular: min-mean-max,Wang et al. (2017)
Teflon pump (0-20 cm deep); 50 μm stainless steel sieve.,,50,5000,"Nan Lake, China",Lake,N.A.,4.90E+3,5.75E+3,N.A.,6.96E+3,N.A.,Triangular: min-mean-max,Wang et al. (2017)
Teflon pump (0-20 cm deep); 50 μm stainless steel sieve.,,50,5000,"Nantaizi Lake, China",Lake,N.A.,5.50E+3,6.16E+3,N.A.,6.75E+3,N.A.,Triangular: min-mean-max,Wang et al. (2017)
Teflon pump (0-20 cm deep); 50 μm stainless steel sieve.,,50,5000,"Sha Lake, China",Lake,N.A.,5.78E+3,6.39E+3,N.A.,7.00E+3,N.A.,Triangular: min-mean-max,Wang et al. (2017)
Teflon pump (0-20 cm deep); 50 μm stainless steel sieve.,,50,5000,"Sanjiao Lake, China",Lake,N.A.,2.40E+3,3.95E+3,N.A.,5.80E+3,N.A.,Triangular: min-mean-max,Wang et al. (2017)
Teflon pump (0-20 cm deep); 50 μm stainless steel sieve.,,50,5000,"Tangxun Lake, China",Lake,N.A.,2.48E+3,3.34E+3,N.A.,4.40E+3,N.A.,Triangular: min-mean-max,Wang et al. (2017)
Teflon pump (0-20 cm deep); 50 μm stainless steel sieve.,,50,5000,"Tazi Lake, China",Lake,N.A.,5.25E+3,6.18E+3,N.A.,7.10E+3,N.A.,Triangular: min-mean-max,Wang et al. (2017)
Teflon pump (0-20 cm deep); 50 μm stainless steel sieve.,,50,5000,"Wu Lake, China",Lake,N.A.,1.16E+3,1.66E+3,N.A.,2.38E+3,N.A.,Triangular: min-mean-max,Wang et al. (2017)
Teflon pump (0-20 cm deep); 50 μm stainless steel sieve.,,50,5000,"Yandong Lake, China",Lake,N.A.,2.28E+3,2.55E+3,N.A.,3.13E+3,N.A.,Triangular: min-mean-max,Wang et al. (2017)
Teflon pump (0-20 cm deep); 50 μm stainless steel sieve.,,50,5000,"Yanxi Lake, China",Lake,N.A.,1.60E+3,2.40E+3,N.A.,3.25E+3,N.A.,Triangular: min-mean-max,Wang et al. (2017)
Teflon pump (0-20 cm deep); 50 μm stainless steel sieve.,,50,5000,"Zhushan Lake, China",Lake,N.A.,2.45E+3,2.52E+3,N.A.,2.65E+3,N.A.,Triangular: min-mean-max,Wang et al. (2017)
Teflon pump (0-20 cm deep); 50 μm stainless steel sieve.,,50,5000,"Yangtze River, China",River,N.A.,1.45E+3,2.52E+3,N.A.,4.00E+3,N.A.,Triangular: min-mean-max,Wang et al. (2017)
Teflon pump (0-20 cm deep); 50 μm stainless steel sieve.,,50,5000,"Hanjiang River, China",River,N.A.,2.60E+3,2.93E+3,N.A.,3.20E+3,N.A.,Triangular: min-mean-max,Wang et al. (2017)
"Trawl net: 50 cm high, 112 μm mesh size.",50,112,5000,"Yangtze River and tributaries, China",River,3.85E-1,N.A.,N.A.,N.A.,N.A.,N.A.,N.A.,Zhang et al. (2015)
"Trawl net: 50 cm high, 112 μm mesh size.",50,112,5000,"Yangtze River and tributaries, China",River,1.60E+0,N.A.,N.A.,N.A.,N.A.,N.A.,N.A.,Zhang et al. (2015)
"Trawl net: 50 cm high, 112 μm mesh size.",50,112,5000,"Yangtze River and tributaries, China",River,4.70E+0,N.A.,N.A.,N.A.,N.A.,N.A.,N.A.,Zhang et al. (2015)
"Trawl net: 50 cm high, 112 μm mesh size.",50,112,5000,"Yangtze River and tributaries, China",River,6.82E+0,N.A.,N.A.,N.A.,N.A.,N.A.,N.A.,Zhang et al. (2015)
"Trawl net: 50 cm high, 112 μm mesh size.",50,112,5000,"Yangtze River and tributaries, China",River,9.36E+0,N.A.,N.A.,N.A.,N.A.,N.A.,N.A.,Zhang et al. (2015)
"Trawl net: 50 cm high, 112 μm mesh size.",50,112,5000,"Yangtze River and tributaries, China",River,1.71E+1,N.A.,N.A.,N.A.,N.A.,N.A.,N.A.,Zhang et al. (2015)
"Trawl net: 50 cm high, 112 μm mesh size.",50,112,5000,"Yangtze River and tributaries, China",River,2.38E+1,N.A.,N.A.,N.A.,N.A.,N.A.,N.A.,Zhang et al. (2015)
"Trawl net: 50 cm high, 112 μm mesh size.",50,112,5000,"Yangtze River and tributaries, China",River,2.42E+1,N.A.,N.A.,N.A.,N.A.,N.A.,N.A.,Zhang et al. (2015)
"Trawl net: 50 cm high, 112 μm mesh size.",50,112,5000,"Yangtze River and tributaries, China",River,2.72E+1,N.A.,N.A.,N.A.,N.A.,N.A.,N.A.,Zhang et al. (2015)
"Trawl net: 50 cm high, 112 μm mesh size.",50,112,5000,"Xixiang Bay, the Three Gorges Reservoir, Chongqing, China",Estuary?,1.10E-1,N.A.,N.A.,N.A.,N.A.,N.A.,N.A.,Zhang et al. (2017)
"Trawl net: 50 cm high, 112 μm mesh size.",50,112,5000,"Xixiang Bay, the Three Gorges Reservoir, Chongqing, China",Estuary?,1.56E-1,N.A.,N.A.,N.A.,N.A.,N.A.,N.A.,Zhang et al. (2017)
"Trawl net: 50 cm high, 112 μm mesh size.",50,112,5000,"Xixiang Bay, the Three Gorges Reservoir, Chongqing, China",Estuary?,2.20E-1,N.A.,N.A.,N.A.,N.A.,N.A.,N.A.,Zhang et al. (2017)
"Trawl net: 50 cm high, 112 μm mesh size.",50,112,5000,"Xixiang Bay, the Three Gorges Reservoir, Chongqing, China",Estuary?,2.76E-1,N.A.,N.A.,N.A.,N.A.,N.A.,N.A.,Zhang et al. (2017)
"Trawl net: 50 cm high, 112 μm mesh size.",50,112,5000,"Xixiang Bay, the Three Gorges Reservoir, Chongqing, China",Estuary?,2.80E-1,N.A.,N.A.,N.A.,N.A.,N.A.,N.A.,Zhang et al. (2017)
"Trawl net: 50 cm high, 112 μm mesh size.",50,112,5000,"Xixiang Bay, the Three Gorges Reservoir, Chongqing, China",Estuary?,3.14E-1,N.A.,N.A.,N.A.,N.A.,N.A.,N.A.,Zhang et al. (2017)
"Trawl net: 50 cm high, 112 μm mesh size.",50,112,5000,"Xixiang Bay, the Three Gorges Reservoir, Chongqing, China",Estuary?,4.82E-1,N.A.,N.A.,N.A.,N.A.,N.A.,N.A.,Zhang et al. (2017)
"Trawl net: 50 cm high, 112 μm mesh size.",50,112,5000,"Xixiang Bay, the Three Gorges Reservoir, Chongqing, China",Estuary?,5.06E-1,N.A.,N.A.,N.A.,N.A.,N.A.,N.A.,Zhang et al. (2017)
"Trawl net: 50 cm high, 112 μm mesh size.",50,112,5000,"Xixiang Bay, the Three Gorges Reservoir, Chongqing, China",Estuary?,5.60E-1,N.A.,N.A.,N.A.,N.A.,N.A.,N.A.,Zhang et al. (2017)
"Trawl net: 50 cm high, 112 μm mesh size.",50,112,5000,"Xixiang Bay, the Three Gorges Reservoir, Chongqing, China",Estuary?,5.60E-1,N.A.,N.A.,N.A.,N.A.,N.A.,N.A.,Zhang et al. (2017)
"Trawl net: 50 cm high, 112 μm mesh size.",50,112,5000,"Xixiang Bay, the Three Gorges Reservoir, Chongqing, China",Estuary?,6.60E-1,N.A.,N.A.,N.A.,N.A.,N.A.,N.A.,Zhang et al. (2017)
"Trawl net: 50 cm high, 112 μm mesh size.",50,112,5000,"Xixiang Bay, the Three Gorges Reservoir, Chongqing, China",Estuary?,7.40E-1,N.A.,N.A.,N.A.,N.A.,N.A.,N.A.,Zhang et al. (2017)
"Trawl net: 50 cm high, 112 μm mesh size.",50,112,5000,"Xixiang Bay, the Three Gorges Reservoir, Chongqing, China",Estuary?,8.60E-1,N.A.,N.A.,N.A.,N.A.,N.A.,N.A.,Zhang et al. (2017)
"Trawl net: 50 cm high, 112 μm mesh size.",50,112,5000,"Xixiang Bay, the Three Gorges Reservoir, Chongqing, China",Estuary?,9.54E-1,N.A.,N.A.,N.A.,N.A.,N.A.,N.A.,Zhang et al. (2017)
"Trawl net: 50 cm high, 112 μm mesh size.",50,112,5000,"Xixiang Bay, the Three Gorges Reservoir, Chongqing, China",Estuary?,1.06E+0,N.A.,N.A.,N.A.,N.A.,N.A.,N.A.,Zhang et al. (2017)
"Trawl net: 50 cm high, 112 μm mesh size.",50,112,5000,"Xixiang Bay, the Three Gorges Reservoir, Chongqing, China",Estuary?,1.37E+0,N.A.,N.A.,N.A.,N.A.,N.A.,N.A.,Zhang et al. (2017)
"Trawl net: 50 cm high, 112 μm mesh size.",50,112,5000,"Xixiang Bay, the Three Gorges Reservoir, Chongqing, China",Estuary?,1.38E+0,N.A.,N.A.,N.A.,N.A.,N.A.,N.A.,Zhang et al. (2017)
"Trawl net: 50 cm high, 112 μm mesh size.",50,112,5000,"Xixiang Bay, the Three Gorges Reservoir, Chongqing, China",Estuary?,1.70E+0,N.A.,N.A.,N.A.,N.A.,N.A.,N.A.,Zhang et al. (2017)
"Trawl net: 50 cm high, 112 μm mesh size.",50,112,5000,"Xixiang Bay, the Three Gorges Reservoir, Chongqing, China",Estuary?,1.76E+0,N.A.,N.A.,N.A.,N.A.,N.A.,N.A.,Zhang et al. (2017)
"Trawl net: 50 cm high, 112 μm mesh size.",50,112,5000,"Xixiang Bay, the Three Gorges Reservoir, Chongqing, China",Estuary?,1.98E+0,N.A.,N.A.,N.A.,N.A.,N.A.,N.A.,Zhang et al. (2017)
"Trawl net: 50 cm high, 112 μm mesh size.",50,112,5000,"Xixiang Bay, the Three Gorges Reservoir, Chongqing, China",Estuary?,2.04E+0,N.A.,N.A.,N.A.,N.A.,N.A.,N.A.,Zhang et al. (2017)
"Trawl net: 50 cm high, 112 μm mesh size.",50,112,5000,"Xixiang Bay, the Three Gorges Reservoir, Chongqing, China",Estuary?,2.06E+0,N.A.,N.A.,N.A.,N.A.,N.A.,N.A.,Zhang et al. (2017)
"Trawl net: 50 cm high, 112 μm mesh size.",50,112,5000,"Xixiang Bay, the Three Gorges Reservoir, Chongqing, China",Estuary?,2.89E+0,N.A.,N.A.,N.A.,N.A.,N.A.,N.A.,Zhang et al. (2017)
"Trawl net: 50 cm high, 112 μm mesh size.",50,112,5000,"Xixiang Bay, the Three Gorges Reservoir, Chongqing, China",Estuary?,3.17E+0,N.A.,N.A.,N.A.,N.A.,N.A.,N.A.,Zhang et al. (2017)
"Trawl net: 50 cm high, 112 μm mesh size.",50,112,5000,"Xixiang Bay, the Three Gorges Reservoir, Chongqing, China",Estuary?,5.18E+0,N.A.,N.A.,N.A.,N.A.,N.A.,N.A.,Zhang et al. (2017)
"Trawl net: 50 cm high, 112 μm mesh size.",50,112,5000,"Xixiang Bay, the Three Gorges Reservoir, Chongqing, China",Estuary?,7.46E+0,N.A.,N.A.,N.A.,N.A.,N.A.,N.A.,Zhang et al. (2017)
"Trawl net: 50 cm high, 112 μm mesh size.",50,112,5000,"Xixiang Bay, the Three Gorges Reservoir, Chongqing, China",Estuary?,1.43E+1,N.A.,N.A.,N.A.,N.A.,N.A.,N.A.,Zhang et al. (2017)
"Trawl net: 50 cm high, 112 μm mesh size.",50,112,5000,"Xixiang Bay, the Three Gorges Reservoir, Chongqing, China",Estuary?,6.84E+1,N.A.,N.A.,N.A.,N.A.,N.A.,N.A.,Zhang et al. (2017)
"25 L collected with a Teflon pump at a depth of 1
m and filtered with a 48 μm stainless steel sieve.",,48,5000,"Yangtze River, China",River,5.93E+3,N.A.,N.A.,N.A.,N.A.,N.A.,N.A.,Di and Wang (2018)
"25 L collected with a Teflon pump at a depth of 1
m and filtered with a 48 μm stainless steel sieve.",,48,5000,"Yangtze River, China",River,7.39E+3,N.A.,N.A.,N.A.,N.A.,N.A.,N.A.,Di and Wang (2018)
"25 L collected with a Teflon pump at a depth of 1
m and filtered with a 48 μm stainless steel sieve.",,48,5000,"Yangtze River, China",River,3.81E+3,N.A.,N.A.,N.A.,N.A.,N.A.,N.A.,Di and Wang (2018)
"25 L collected with a Teflon pump at a depth of 1
m and filtered with a 48 μm stainless steel sieve.",,48,5000,"Yangtze River, China",River,6.50E+3,N.A.,N.A.,N.A.,N.A.,N.A.,N.A.,Di and Wang (2018)
"25 L collected with a Teflon pump at a depth of 1
m and filtered with a 48 μm stainless steel sieve.",,48,5000,"Yangtze River, China",River,1.78E+3,N.A.,N.A.,N.A.,N.A.,N.A.,N.A.,Di and Wang (2018)
"25 L collected with a Teflon pump at a depth of 1
m and filtered with a 48 μm stainless steel sieve.",,48,5000,"Yangtze River, China",River,7.88E+3,N.A.,N.A.,N.A.,N.A.,N.A.,N.A.,Di and Wang (2018)
"25 L collected with a Teflon pump at a depth of 1
m and filtered with a 48 μm stainless steel sieve.",,48,5000,"Yangtze River, China",River,1.26E+4,N.A.,N.A.,N.A.,N.A.,N.A.,N.A.,Di and Wang (2018)
"25 L collected with a Teflon pump at a depth of 1
m and filtered with a 48 μm stainless steel sieve.",,48,5000,"Yangtze River, China",River,5.29E+3,N.A.,N.A.,N.A.,N.A.,N.A.,N.A.,Di and Wang (2018)
"25 L collected with a Teflon pump at a depth of 1
m and filtered with a 48 μm stainless steel sieve.",,48,5000,"Yangtze River, China",River,4.86E+3,N.A.,N.A.,N.A.,N.A.,N.A.,N.A.,Di and Wang (2018)
"25 L collected with a Teflon pump at a depth of 1
m and filtered with a 48 μm stainless steel sieve.",,48,5000,"Yangtze River, China",River,9.78E+3,N.A.,N.A.,N.A.,N.A.,N.A.,N.A.,Di and Wang (2018)
"25 L collected with a Teflon pump at a depth of 1
m and filtered with a 48 μm stainless steel sieve.",,48,5000,"Yangtze River, China",River,3.10E+3,N.A.,N.A.,N.A.,N.A.,N.A.,N.A.,Di and Wang (2018)
"25 L collected with a Teflon pump at a depth of 1
m and filtered with a 48 μm stainless steel sieve.",,48,5000,"Yangtze River, China",River,2.67E+3,N.A.,N.A.,N.A.,N.A.,N.A.,N.A.,Di and Wang (2018)
"25 L collected with a Teflon pump at a depth of 1
m and filtered with a 48 μm stainless steel sieve.",,48,5000,"Yangtze River, China",River,9.81E+3,N.A.,N.A.,N.A.,N.A.,N.A.,N.A.,Di and Wang (2018)
"25 L collected with a Teflon pump at a depth of 1
m and filtered with a 48 μm stainless steel sieve.",,48,5000,"Yangtze River, China",River,1.89E+3,N.A.,N.A.,N.A.,N.A.,N.A.,N.A.,Di and Wang (2018)
"25 L collected with a Teflon pump at a depth of 1
m and filtered with a 48 μm stainless steel sieve.",,48,5000,"Yangtze River, China",River,2.67E+3,N.A.,N.A.,N.A.,N.A.,N.A.,N.A.,Di and Wang (2018)
"25 L collected with a Teflon pump at a depth of 1
m and filtered with a 48 μm stainless steel sieve.",,48,5000,"Yangtze River, China",River,2.50E+3,N.A.,N.A.,N.A.,N.A.,N.A.,N.A.,Di and Wang (2018)
"25 L collected with a Teflon pump at a depth of 1
m and filtered with a 48 μm stainless steel sieve.",,48,5000,"Yangtze River, China",River,3.85E+3,N.A.,N.A.,N.A.,N.A.,N.A.,N.A.,Di and Wang (2018)
"25 L collected with a Teflon pump at a depth of 1
m and filtered with a 48 μm stainless steel sieve.",,48,5000,"Yangtze River, China",River,4.13E+3,N.A.,N.A.,N.A.,N.A.,N.A.,N.A.,Di and Wang (2018)
"25 L collected with a Teflon pump at a depth of 1
m and filtered with a 48 μm stainless steel sieve.",,48,5000,"Yangtze River, China",River,5.28E+3,N.A.,N.A.,N.A.,N.A.,N.A.,N.A.,Di and Wang (2018)
"25 L collected with a Teflon pump at a depth of 1
m and filtered with a 48 μm stainless steel sieve.",,48,5000,"Yangtze River, China",River,1.96E+3,N.A.,N.A.,N.A.,N.A.,N.A.,N.A.,Di and Wang (2018)
"25 L collected with a Teflon pump at a depth of 1
m and filtered with a 48 μm stainless steel sieve.",,48,5000,"Yangtze River, China",River,1.60E+3,N.A.,N.A.,N.A.,N.A.,N.A.,N.A.,Di and Wang (2018)
"25 L collected with a Teflon pump at a depth of 1
m and filtered with a 48 μm stainless steel sieve.",,48,5000,"Yangtze River, China",River,3.64E+3,N.A.,N.A.,N.A.,N.A.,N.A.,N.A.,Di and Wang (2018)
"25 L collected with a Teflon pump at a depth of 1
m and filtered with a 48 μm stainless steel sieve.",,48,5000,"Yangtze River, China",River,2.11E+3,N.A.,N.A.,N.A.,N.A.,N.A.,N.A.,Di and Wang (2018)
"25 L collected with a Teflon pump at a depth of 1
m and filtered with a 48 μm stainless steel sieve.",,48,5000,"Yangtze River, China",River,4.49E+3,N.A.,N.A.,N.A.,N.A.,N.A.,N.A.,Di and Wang (2018)
"25 L collected with a Teflon pump at a depth of 1
m and filtered with a 48 μm stainless steel sieve.",,48,5000,"Yangtze River, China",River,4.71E+3,N.A.,N.A.,N.A.,N.A.,N.A.,N.A.,Di and Wang (2018)
"25 L collected with a Teflon pump at a depth of 1
m and filtered with a 48 μm stainless steel sieve.",,48,5000,"Yangtze River, China",River,4.64E+3,N.A.,N.A.,N.A.,N.A.,N.A.,N.A.,Di and Wang (2018)
"25 L collected with a Teflon pump at a depth of 1
m and filtered with a 48 μm stainless steel sieve.",,48,5000,"Yangtze River, China",River,2.82E+3,N.A.,N.A.,N.A.,N.A.,N.A.,N.A.,Di and Wang (2018)
"25 L collected with a Teflon pump at a depth of 1
m and filtered with a 48 μm stainless steel sieve.",,48,5000,"Yangtze River, China",River,1.86E+3,N.A.,N.A.,N.A.,N.A.,N.A.,N.A.,Di and Wang (2018)
"25 L collected with a Teflon pump at a depth of 1
m and filtered with a 48 μm stainless steel sieve.",,48,5000,"Yangtze River, China",River,1.74E+3,N.A.,N.A.,N.A.,N.A.,N.A.,N.A.,Di and Wang (2018)
"25 L collected with a Teflon pump at a depth of 1
m and filtered with a 48 μm stainless steel sieve.",,48,5000,"Yangtze River, China",River,7.79E+3,N.A.,N.A.,N.A.,N.A.,N.A.,N.A.,Di and Wang (2018)
"Plankton net: 65 cm diameter, 333 μm mesh size. Half kept under water. 100 μm filtration.",65,333,5000,"Taihu Lake, China",Lake,N.A.,N.A.,2.00E+0,N.A.,N.A.,2.63E+0,Normal: mean and SD,Su et al. (2016)
"Plankton net: 65 cm diameter, 333 μm mesh size. Half kept under water. 100 μm filtration.",65,333,5000,"Taihu Lake, China",Lake,N.A.,N.A.,7.00E+0,N.A.,N.A.,5.33E+0,Normal: mean and SD,Su et al. (2016)
"Plankton net: 65 cm diameter, 333 μm mesh size. Half kept under water. 100 μm filtration.",65,333,5000,"Taihu Lake, China",Lake,N.A.,N.A.,1.63E+1,N.A.,N.A.,5.67E+0,Normal: mean and SD,Su et al. (2016)
Steel sampler at each site (bottles). 5 μm filtration.,,5,5000,"Taihu Lake, China",Lake,N.A.,N.A.,7.20E+3,N.A.,N.A.,7.00E+2,Normal: mean and SD,Su et al. (2016)
Steel sampler at each site (bottles). 5 μm filtration.,,5,5000,"Taihu Lake, China",Lake,N.A.,N.A.,8.90E+3,N.A.,N.A.,5.10E+3,Normal: mean and SD,Su et al. (2016)
Steel sampler at each site (bottles). 5 μm filtration.,,5,5000,"Taihu Lake, China",Lake,N.A.,N.A.,1.56E+4,N.A.,N.A.,7.40E+3,Normal: mean and SD,Su et al. (2016)
Fibres collected from bulk sample; Fragments collected with net of 300 μm mesh size. Both were then filtered at 2.7 μm.,,2.7,5000,"Saigon River, Ho Chi Minh City, Vietnam",River,1.73E+5,N.A.,N.A.,N.A.,N.A.,N.A.,N.A.,Lahens et al. (2018)
Fibres collected from bulk sample; Fragments collected with net of 300 μm mesh size. Both were then filtered at 2.7 μm.,,2.7,5000,"Saigon River, Ho Chi Minh City, Vietnam",River,4.21E+5,N.A.,N.A.,N.A.,N.A.,N.A.,N.A.,Lahens et al. (2018)
Fibres collected from bulk sample; Fragments collected with net of 300 μm mesh size. Both were then filtered at 2.7 μm.,,2.7,5000,"Saigon River, Ho Chi Minh City, Vietnam",River,2.85E+5,N.A.,N.A.,N.A.,N.A.,N.A.,N.A.,Lahens et al. (2018)
Fibres collected from bulk sample; Fragments collected with net of 300 μm mesh size. Both were then filtered at 2.7 μm.,,2.7,5000,"Saigon River, Ho Chi Minh City, Vietnam",River,2.70E+5,N.A.,N.A.,N.A.,N.A.,N.A.,N.A.,Lahens et al. (2018)
Fibres collected from bulk sample; Fragments collected with net of 300 μm mesh size. Both were then filtered at 2.7 μm.,,2.7,5000,"Saigon River, Ho Chi Minh City, Vietnam",River,5.20E+5,N.A.,N.A.,N.A.,N.A.,N.A.,N.A.,Lahens et al. (2018)
Fibres collected from bulk sample; Fragments collected with net of 300 μm mesh size. Both were then filtered at 2.7 μm.,,2.7,5000,"Saigon River, Ho Chi Minh City, Vietnam",River,4.68E+5,N.A.,N.A.,N.A.,N.A.,N.A.,N.A.,Lahens et al. (2018)
"Driftnets: 0.5 m diameter, 500 μm mesh size.",50,500,5000,"Danube Alluvial Zone National Park, Austria",,N.A.,0.00E+0,9.38E+2,N.A.,1.42E+5,N.A.,Triangular: min-mean-max,Lechner et al. (2014)
"Driftnets: 0.5 m diameter, 500 μm mesh size.",50,500,5000,"Danube Alluvial Zone National Park, Austria",,N.A.,0.00E+0,5.51E+1,N.A.,7.45E+2,N.A.,Triangular: min-mean-max,Lechner et al. (2014)
Manta trawl: 330 μm mesh size; 0–0.3 m surface layer.,30,330,5000,"River Seine, France",River,2.80E-1,N.A.,N.A.,N.A.,N.A.,N.A.,N.A.,Dris et al. (2015)
Manta trawl: 330 μm mesh size; 0–0.3 m surface layer.,30,330,5000,"River Seine, France",River,2.90E-1,N.A.,N.A.,N.A.,N.A.,N.A.,N.A.,Dris et al. (2015)
Manta trawl: 330 μm mesh size; 0–0.3 m surface layer.,30,330,5000,"River Seine, France",River,4.70E-1,N.A.,N.A.,N.A.,N.A.,N.A.,N.A.,Dris et al. (2015)
Plankton net: 80 μm mesh size. 0.1-0.35 m surface layer.,35,80,5000,"River Marne, France",River,5.00E+0,N.A.,N.A.,N.A.,N.A.,N.A.,N.A.,Dris et al. (2015)
Plankton net: 80 μm mesh size. 0.1-0.35 m surface layer.,35,80,5000,"River Marne, France",River,1.08E+2,N.A.,N.A.,N.A.,N.A.,N.A.,N.A.,Dris et al. (2015)
Plankton net: 80 μm mesh size. 0.1-0.35 m surface layer.,35,80,5000,"River Seine, France",River,3.00E+0,N.A.,N.A.,N.A.,N.A.,N.A.,N.A.,Dris et al. (2015)
Plankton net: 80 μm mesh size. 0.1-0.35 m surface layer.,35,80,5000,"River Seine, France",River,1.30E+1,N.A.,N.A.,N.A.,N.A.,N.A.,N.A.,Dris et al. (2015)
Plankton net: 80 μm mesh size. 0.1-0.35 m surface layer.,35,80,5000,"River Seine, France",River,3.60E+1,N.A.,N.A.,N.A.,N.A.,N.A.,N.A.,Dris et al. (2015)
Plankton net: 80 μm mesh size. 0.1-0.35 m surface layer.,35,80,5000,"River Seine, France",River,7.00E+1,N.A.,N.A.,N.A.,N.A.,N.A.,N.A.,Dris et al. (2015)
Plankton net: 80 μm mesh size. 0.1-0.35 m surface layer.,35,80,5000,"River Seine, France",River,5.00E+0,N.A.,N.A.,N.A.,N.A.,N.A.,N.A.,Dris et al. (2015)
Plankton net: 80 μm mesh size. 0.1-0.35 m surface layer.,35,80,5000,"River Seine, France",River,3.40E+1,N.A.,N.A.,N.A.,N.A.,N.A.,N.A.,Dris et al. (2015)
Plankton net: 80 μm mesh size. 0.1-0.35 m surface layer.,35,80,5000,"River Seine, France",River,1.30E+1,N.A.,N.A.,N.A.,N.A.,N.A.,N.A.,Dris et al. (2015)
Plankton net: 80 μm mesh size. 0.1-0.35 m surface layer.,35,80,5000,"River Seine, France",River,8.00E+0,N.A.,N.A.,N.A.,N.A.,N.A.,N.A.,Dris et al. (2015)
Plankton net: 80 μm mesh size. 0.1-0.35 m surface layer.,35,80,5000,"River Seine, France",River,N.A.,1.61E+2,2.20E+2,N.A.,2.51E+2,N.A.,Triangular: min-mean-max,Dris et al. (2015)
Plankton net: 80 μm mesh size. 0.1-0.35 m surface layer.,35,80,5000,"River Seine, France",River,N.A.,1.18E+2,1.32E+2,N.A.,1.57E+2,N.A.,Triangular: min-mean-max,Dris et al. (2015)
Plankton net: 80 μm mesh size. 0.1-0.35 m surface layer.,35,80,5000,"River Seine, France",River,N.A.,1.68E+2,2.17E+2,N.A.,2.54E+2,N.A.,Triangular: min-mean-max,Dris et al. (2015)
Plankton net: 80 μm mesh size. 0.1-0.35 m surface layer.,35,80,5000,"River Seine, France",River,N.A.,6.58E+0,9.79E+0,N.A.,1.27E+1,N.A.,Triangular: min-mean-max,Dris et al. (2015)
Plankton net: 80 μm mesh size. 0.1-0.35 m surface layer.,35,80,5000,"River Seine, France",River,N.A.,1.05E+1,1.59E+1,N.A.,2.28E+1,N.A.,Triangular: min-mean-max,Dris et al. (2015)
Plankton net: 80 μm mesh size. 0.1-0.35 m surface layer.,35,80,5000,"River Seine, France",River,N.A.,1.62E+1,4.12E+1,N.A.,9.12E+1,N.A.,Triangular: min-mean-max,Dris et al. (2015)
"Manta trawl: 18.5 cm high, 300 μm mesh size.",18.5,300,5000,"Lake Chiusi, Italy",Lake,2.68E+0,N.A.,N.A.,N.A.,N.A.,N.A.,N.A.,Fischer et al. (2016)
"Manta trawl: 18.5 cm high, 300 μm mesh size.",18.5,300,5000,"Lake Chiusi, Italy",Lake,3.36E+0,N.A.,N.A.,N.A.,N.A.,N.A.,N.A.,Fischer et al. (2016)
"Manta trawl: 18.5 cm high, 300 μm mesh size.",18.5,300,5000,"Lake Bolsena, Italy",Lake,2.42E+0,N.A.,N.A.,N.A.,N.A.,N.A.,N.A.,Fischer et al. (2016)
"Manta trawl: 18.5 cm high, 300 μm mesh size.",18.5,300,5000,"Lake Bolsena, Italy",Lake,4.29E+0,N.A.,N.A.,N.A.,N.A.,N.A.,N.A.,Fischer et al. (2016)
"Manta trawl: 18.5 cm high, 300 μm mesh size.",18.5,300,5000,"Lake Bolsena, Italy",Lake,1.24E+0,N.A.,N.A.,N.A.,N.A.,N.A.,N.A.,Fischer et al. (2016)
"Manta trawl: 18.5 cm high, 300 μm mesh size.",18.5,300,5000,"Lake Bolsena, Italy",Lake,8.20E-1,N.A.,N.A.,N.A.,N.A.,N.A.,N.A.,Fischer et al. (2016)
"Manta trawl: 20 cm high, 300 μm mesh size.",20,300,5000,"Lake Maggiore, Italy",Lake,N.A.,N.A.,2.25E-1,N.A.,N.A.,6.50E-2,Normal: mean and SD,Sighicelli et al. (2018)
"Manta trawl: 20 cm high, 300 μm mesh size.",20,300,5000,"Lake Maggiore, Italy",Lake,N.A.,N.A.,2.05E-1,N.A.,N.A.,1.60E-1,Normal: mean and SD,Sighicelli et al. (2018)
"Manta trawl: 20 cm high, 300 μm mesh size.",20,300,5000,"Lake Maggiore, Italy",Lake,N.A.,N.A.,1.45E-1,N.A.,N.A.,8.50E-2,Normal: mean and SD,Sighicelli et al. (2018)
"Manta trawl: 20 cm high, 300 μm mesh size.",20,300,5000,"Lake Garda, Italy",Lake,N.A.,N.A.,2.75E-1,N.A.,N.A.,1.45E-1,Normal: mean and SD,Sighicelli et al. (2018)
"Manta trawl: 20 cm high, 300 μm mesh size.",20,300,5000,"Lake Garda, Italy",Lake,N.A.,N.A.,2.00E-2,N.A.,N.A.,1.35E-2,Normal: mean and SD,Sighicelli et al. (2018)
"Manta trawl: 20 cm high, 300 μm mesh size.",20,300,5000,"Lake Garda, Italy",Lake,N.A.,N.A.,8.00E-2,N.A.,N.A.,6.50E-2,Normal: mean and SD,Sighicelli et al. (2018)
"Manta trawl: 20 cm high, 300 μm mesh size.",20,300,5000,"Lake Iseo, Italy",Lake,N.A.,N.A.,2.85E-1,N.A.,N.A.,1.80E-1,Normal: mean and SD,Sighicelli et al. (2018)
"Manta trawl: 20 cm high, 300 μm mesh size.",20,300,5000,"Lake Iseo, Italy",Lake,N.A.,N.A.,7.50E-2,N.A.,N.A.,5.50E-2,Normal: mean and SD,Sighicelli et al. (2018)
"Manta trawl: 20 cm high, 300 μm mesh size.",20,300,5000,"Lake Iseo, Italy",Lake,N.A.,N.A.,2.50E-1,N.A.,N.A.,7.00E-2,Normal: mean and SD,Sighicelli et al. (2018)
"Manta trawl: 18 cm high, 300 μm mesh size.",18,300,5000,"Geneva Lake, Switzerland",Lake,N.A.,N.A.,1.22E+0,1.22E+0,N.A.,8.89E-1,Normal: mean and SD,Faure et al. (2015)
"Manta trawl: 18 cm high, 300 μm mesh size.",18,300,5000,"Geneva Lake, Switzerland",Lake,N.A.,N.A.,1.83E-1,7.78E-2,N.A.,2.56E-1,Normal: mean and SD,Faure et al. (2015)
"Manta trawl: 18 cm high, 300 μm mesh size.",18,300,5000,"Constance Lake, Switzerland",Lake,N.A.,N.A.,3.39E-1,3.50E-1,N.A.,6.67E-2,Normal: mean and SD,Faure et al. (2015)
"Manta trawl: 18 cm high, 300 μm mesh size.",18,300,5000,"Neuchâtel Lake, Switzerland",Lake,N.A.,N.A.,3.39E-1,3.44E-1,N.A.,1.33E-1,Normal: mean and SD,Faure et al. (2015)
"Manta trawl: 18 cm high, 300 μm mesh size.",18,300,5000,"Maggiore Lake, Switzerland",Lake,N.A.,N.A.,1.22E+0,1.22E+0,N.A.,8.33E-1,Normal: mean and SD,Faure et al. (2015)
"Manta trawl: 18 cm high, 300 μm mesh size.",18,300,5000,"Zurich Lake, Switzerland",Lake,N.A.,N.A.,6.11E-2,5.44E-2,N.A.,1.44E-2,Normal: mean and SD,Faure et al. (2015)
"Manta trawl: 18 cm high, 300 μm mesh size.",18,300,5000,"Brienz Lake, Switzerland",Lake,N.A.,N.A.,2.00E-1,1.67E-1,N.A.,1.28E-1,Normal: mean and SD,Faure et al. (2015)
"Manta trawl: 18 cm high, 300 μm mesh size.",18,300,5000,"Rhône River, Switzerland",River,N.A.,N.A.,2.30E+0,2.40E+0,N.A.,5.30E-1,Normal: mean and SD,Faure et al. (2015)
"Manta trawl: 18 cm high, 300 μm mesh size.",18,300,5000,"Aubonne River, Switzerland",River,N.A.,N.A.,1.00E-1,1.00E-1,N.A.,4.20E-2,Normal: mean and SD,Faure et al. (2015)
"Manta trawl: 18 cm high, 300 μm mesh size.",18,300,5000,"Venoge River, Switzerland",River,N.A.,N.A.,6.50E+0,4.00E+0,N.A.,5.30E+0,Normal: mean and SD,Faure et al. (2015)
"Manta trawl: 18 cm high, 300 μm mesh size.",18,300,5000,"Venoge River, Switzerland",River,N.A.,N.A.,6.40E+1,N.A.,N.A.,3.50E+1,Normal: mean and SD,Faure et al. (2015)
"Manta trawl: 18 cm high, 300 μm mesh size.",18,300,5000,"Vuachère River, Switzerland",River,N.A.,N.A.,4.40E+0,N.A.,N.A.,1.30E+0,Normal: mean and SD,Faure et al. (2015)
"Manta trawl: 18 cm high, 300 μm mesh size.",18,300,5000,"Rhône River, Switzerland",River,N.A.,N.A.,1.30E-1,1.20E-1,N.A.,7.60E-2,Normal: mean and SD,Faure et al. (2015)
"Manta trawl: 18 cm high, 300 μm mesh size.",18,300,5000,"Rhône River, Switzerland",River,N.A.,N.A.,2.90E-1,2.50E-1,N.A.,8.00E-2,Normal: mean and SD,Faure et al. (2015)
"Manta net: 18 cm high, 300 μm mesh size.",18,300,5000,"Rhine River, Switzerland",River,1.33E+0,N.A.,1.33E+0,4.03E-1,N.A.,1.70E+0,Normal: mean and SD,Mani et al. (2015)
"Manta net: 18 cm high, 300 μm mesh size.",18,300,5000,"Rhine River, France/Germany",River,1.52E+0,N.A.,1.52E+0,8.26E-1,N.A.,1.23E+0,Normal: mean and SD,Mani et al. (2015)
"Manta net: 18 cm high, 300 μm mesh size.",18,300,5000,"Rhine River, France",River,8.07E-1,N.A.,8.07E-1,6.20E-1,N.A.,4.23E-1,Normal: mean and SD,Mani et al. (2015)
"Manta net: 18 cm high, 300 μm mesh size.",18,300,5000,"Rhine River, Germany",River,8.53E-1,N.A.,8.53E-1,8.99E-1,N.A.,2.91E-1,Normal: mean and SD,Mani et al. (2015)
"Manta net: 18 cm high, 300 μm mesh size.",18,300,5000,"Rhine River, Germany",River,3.27E+0,N.A.,3.27E+0,3.12E+0,N.A.,1.36E+0,Normal: mean and SD,Mani et al. (2015)
"Manta net: 18 cm high, 300 μm mesh size.",18,300,5000,"Rhine River, Germany",River,3.77E+0,N.A.,3.77E+0,3.77E+0,N.A.,3.13E+0,Normal: mean and SD,Mani et al. (2015)
"Manta net: 18 cm high, 300 μm mesh size.",18,300,5000,"Rhine River, Germany",River,4.80E+0,N.A.,4.80E+0,3.54E+0,N.A.,2.44E+0,Normal: mean and SD,Mani et al. (2015)
"Manta net: 18 cm high, 300 μm mesh size.",18,300,5000,"Rhine River, Germany",River,1.37E+1,N.A.,1.37E+1,1.62E+1,N.A.,5.06E+0,Normal: mean and SD,Mani et al. (2015)
"Manta net: 18 cm high, 300 μm mesh size.",18,300,5000,"Rhine River, Germany",River,1.71E+1,N.A.,1.71E+1,1.48E+1,N.A.,4.14E+0,Normal: mean and SD,Mani et al. (2015)
"Manta net: 18 cm high, 300 μm mesh size.",18,300,5000,"Rhine River, The Netherlands",River,5.66E+0,N.A.,5.66E+0,5.66E+0,N.A.,5.64E+0,Normal: mean and SD,Mani et al. (2015)
"Manta net: 18 cm high, 300 μm mesh size.",18,300,5000,"Rhine River, The Netherlands",River,1.59E+0,N.A.,1.59E+0,1.51E+0,N.A.,2.32E-1,Normal: mean and SD,Mani et al. (2015)
"Neuston net: 40 cm high, 333 μm mesh size. The net skimmed the upper 20-35 cm of the water.",40,333,5000,"Great Lakes tributaries, USA",River,N.A.,N.A.,N.A.,8.00E-1,1.20E+0,N.A.,Uniform: median-max,Baldwin et al. (2016)
"Neuston net: 40 cm high, 333 μm mesh size. The net skimmed the upper 20-35 cm of the water.",40,333,5000,"Great Lakes tributaries, USA",River,N.A.,N.A.,N.A.,9.00E-1,5.40E+0,N.A.,Uniform: median-max,Baldwin et al. (2016)
"Neuston net: 40 cm high, 333 μm mesh size. The net skimmed the upper 20-35 cm of the water.",40,333,5000,"Great Lakes tributaries, USA",River,N.A.,N.A.,N.A.,3.70E+0,7.70E+0,N.A.,Uniform: median-max,Baldwin et al. (2016)
"Neuston net: 40 cm high, 333 μm mesh size. The net skimmed the upper 20-35 cm of the water.",40,333,5000,"Great Lakes tributaries, USA",River,N.A.,N.A.,N.A.,7.00E-1,1.10E+0,N.A.,Uniform: median-max,Baldwin et al. (2016)
"Neuston net: 40 cm high, 333 μm mesh size. The net skimmed the upper 20-35 cm of the water.",40,333,5000,"Great Lakes tributaries, USA",River,N.A.,N.A.,N.A.,6.00E-1,2.60E+0,N.A.,Uniform: median-max,Baldwin et al. (2016)
"Neuston net: 40 cm high, 333 μm mesh size. The net skimmed the upper 20-35 cm of the water.",40,333,5000,"Great Lakes tributaries, USA",River,N.A.,N.A.,N.A.,5.50E+0,1.73E+1,N.A.,Uniform: median-max,Baldwin et al. (2016)
"Neuston net: 40 cm high, 333 μm mesh size. The net skimmed the upper 20-35 cm of the water.",40,333,5000,"Great Lakes tributaries, USA",River,N.A.,N.A.,N.A.,7.10E+0,1.35E+1,N.A.,Uniform: median-max,Baldwin et al. (2016)
"Neuston net: 40 cm high, 333 μm mesh size. The net skimmed the upper 20-35 cm of the water.",40,333,5000,"Great Lakes tributaries, USA",River,N.A.,N.A.,N.A.,3.00E-1,5.00E-1,N.A.,Uniform: median-max,Baldwin et al. (2016)
"Neuston net: 40 cm high, 333 μm mesh size. The net skimmed the upper 20-35 cm of the water.",40,333,5000,"Great Lakes tributaries, USA",River,N.A.,N.A.,N.A.,1.80E+0,7.30E+0,N.A.,Uniform: median-max,Baldwin et al. (2016)
"Neuston net: 40 cm high, 333 μm mesh size. The net skimmed the upper 20-35 cm of the water.",40,333,5000,"Great Lakes tributaries, USA",River,N.A.,N.A.,N.A.,7.00E+0,7.40E+0,N.A.,Uniform: median-max,Baldwin et al. (2016)
"Neuston net: 40 cm high, 333 μm mesh size. The net skimmed the upper 20-35 cm of the water.",40,333,5000,"Great Lakes tributaries, USA",River,N.A.,N.A.,N.A.,1.50E+0,3.80E+0,N.A.,Uniform: median-max,Baldwin et al. (2016)
"Neuston net: 40 cm high, 333 μm mesh size. The net skimmed the upper 20-35 cm of the water.",40,333,5000,"Great Lakes tributaries, USA",River,N.A.,N.A.,N.A.,3.40E+0,7.50E+0,N.A.,Uniform: median-max,Baldwin et al. (2016)
"Neuston net: 40 cm high, 333 μm mesh size. The net skimmed the upper 20-35 cm of the water.",40,333,5000,"Great Lakes tributaries, USA",River,N.A.,N.A.,N.A.,4.00E+0,9.70E+0,N.A.,Uniform: median-max,Baldwin et al. (2016)
"Neuston net: 40 cm high, 333 μm mesh size. The net skimmed the upper 20-35 cm of the water.",40,333,5000,"Great Lakes tributaries, USA",River,N.A.,N.A.,N.A.,1.22E+1,2.15E+1,N.A.,Uniform: median-max,Baldwin et al. (2016)
"Neuston net: 40 cm high, 333 μm mesh size. The net skimmed the upper 20-35 cm of the water.",40,333,5000,"Great Lakes tributaries, USA",River,N.A.,N.A.,N.A.,1.02E+1,1.14E+1,N.A.,Uniform: median-max,Baldwin et al. (2016)
"Neuston net: 40 cm high, 333 μm mesh size. The net skimmed the upper 20-35 cm of the water.",40,333,5000,"Great Lakes tributaries, USA",River,N.A.,N.A.,N.A.,1.30E+0,3.23E+1,N.A.,Uniform: median-max,Baldwin et al. (2016)
"Neuston net: 40 cm high, 333 μm mesh size. The net skimmed the upper 20-35 cm of the water.",40,333,5000,"Great Lakes tributaries, USA",River,N.A.,N.A.,N.A.,5.00E-1,4.40E+0,N.A.,Uniform: median-max,Baldwin et al. (2016)
"Neuston net: 40 cm high, 333 μm mesh size. The net skimmed the upper 20-35 cm of the water.",40,333,5000,"Great Lakes tributaries, USA",River,N.A.,N.A.,N.A.,2.60E+0,4.10E+0,N.A.,Uniform: median-max,Baldwin et al. (2016)
"Neuston net: 40 cm high, 333 μm mesh size. The net skimmed the upper 20-35 cm of the water.",40,333,5000,"Great Lakes tributaries, USA",River,N.A.,N.A.,N.A.,1.70E+0,3.10E+0,N.A.,Uniform: median-max,Baldwin et al. (2016)
"Neuston net: 40 cm high, 333 μm mesh size. The net skimmed the upper 20-35 cm of the water.",40,333,5000,"Great Lakes tributaries, USA",River,N.A.,N.A.,N.A.,2.10E+0,6.40E+0,N.A.,Uniform: median-max,Baldwin et al. (2016)
"Neuston net: 40 cm high, 333 μm mesh size. The net skimmed the upper 20-35 cm of the water.",40,333,5000,"Great Lakes tributaries, USA",River,N.A.,N.A.,N.A.,1.00E+0,2.00E+0,N.A.,Uniform: median-max,Baldwin et al. (2016)
"Neuston net: 40 cm high, 333 μm mesh size. The net skimmed the upper 20-35 cm of the water.",40,333,5000,"Great Lakes tributaries, USA",River,N.A.,N.A.,N.A.,1.20E+0,1.90E+0,N.A.,Uniform: median-max,Baldwin et al. (2016)
"Neuston net: 40 cm high, 333 μm mesh size. The net skimmed the upper 20-35 cm of the water.",40,333,5000,"Great Lakes tributaries, USA",River,N.A.,N.A.,N.A.,2.60E+0,5.40E+0,N.A.,Uniform: median-max,Baldwin et al. (2016)
"Neuston net: 40 cm high, 333 μm mesh size. The net skimmed the upper 20-35 cm of the water.",40,333,5000,"Great Lakes tributaries, USA",River,N.A.,N.A.,N.A.,2.60E+0,7.30E+0,N.A.,Uniform: median-max,Baldwin et al. (2016)
"Neuston net: 40 cm high, 333 μm mesh size. The net skimmed the upper 20-35 cm of the water.",40,333,5000,"Great Lakes tributaries, USA",River,N.A.,N.A.,N.A.,1.20E+0,3.10E+0,N.A.,Uniform: median-max,Baldwin et al. (2016)
"Neuston net: 40 cm high, 333 μm mesh size. The net skimmed the upper 20-35 cm of the water.",40,333,5000,"Great Lakes tributaries, USA",River,N.A.,N.A.,N.A.,1.03E+1,2.32E+1,N.A.,Uniform: median-max,Baldwin et al. (2016)
"Neuston net: 40 cm high, 333 μm mesh size. The net skimmed the upper 20-35 cm of the water.",40,333,5000,"Great Lakes tributaries, USA",River,N.A.,N.A.,N.A.,4.10E+0,3.11E+1,N.A.,Uniform: median-max,Baldwin et al. (2016)
"Neuston net: 40 cm high, 333 μm mesh size. The net skimmed the upper 20-35 cm of the water.",40,333,5000,"Great Lakes tributaries, USA",River,N.A.,N.A.,N.A.,3.30E+0,4.60E+0,N.A.,Uniform: median-max,Baldwin et al. (2016)
"Neuston net: 40 cm high, 333 μm mesh size. The net skimmed the upper 20-35 cm of the water.",40,333,5000,"Great Lakes tributaries, USA",River,N.A.,N.A.,N.A.,2.00E+0,1.20E+1,N.A.,Uniform: median-max,Baldwin et al. (2016)
"Manta trawl: 16 cm high, 333 μm mesh size.",16,333,5000,"Lake Huron, USA",Lake,2.85E-3,N.A.,N.A.,N.A.,N.A.,N.A.,N.A.,Eriksen et al. (2013)
"Manta trawl: 16 cm high, 333 μm mesh size.",16,333,5000,"Lake Huron, USA",Lake,7.68E-3,N.A.,N.A.,N.A.,N.A.,N.A.,N.A.,Eriksen et al. (2013)
"Manta trawl: 16 cm high, 333 μm mesh size.",16,333,5000,"Lake Huron, USA",Lake,1.06E-2,N.A.,N.A.,N.A.,N.A.,N.A.,N.A.,Eriksen et al. (2013)
"Manta trawl: 16 cm high, 333 μm mesh size.",16,333,5000,"Lake Huron, USA",Lake,1.38E-2,N.A.,N.A.,N.A.,N.A.,N.A.,N.A.,Eriksen et al. (2013)
"Manta trawl: 16 cm high, 333 μm mesh size.",16,333,5000,"Lake Huron, USA",Lake,2.97E-2,N.A.,N.A.,N.A.,N.A.,N.A.,N.A.,Eriksen et al. (2013)
"Manta trawl: 16 cm high, 333 μm mesh size.",16,333,5000,"Lake Huron, USA",Lake,3.35E-2,N.A.,N.A.,N.A.,N.A.,N.A.,N.A.,Eriksen et al. (2013)
"Manta trawl: 16 cm high, 333 μm mesh size.",16,333,5000,"Lake Huron, USA",Lake,4.09E-2,N.A.,N.A.,N.A.,N.A.,N.A.,N.A.,Eriksen et al. (2013)
"Manta trawl: 16 cm high, 333 μm mesh size.",16,333,5000,"Lake Superior, USA",Lake,7.98E-3,N.A.,N.A.,N.A.,N.A.,N.A.,N.A.,Eriksen et al. (2013)
"Manta trawl: 16 cm high, 333 μm mesh size.",16,333,5000,"Lake Superior, USA",Lake,1.64E-2,N.A.,N.A.,N.A.,N.A.,N.A.,N.A.,Eriksen et al. (2013)
"Manta trawl: 16 cm high, 333 μm mesh size.",16,333,5000,"Lake Superior, USA",Lake,2.21E-2,N.A.,N.A.,N.A.,N.A.,N.A.,N.A.,Eriksen et al. (2013)
"Manta trawl: 16 cm high, 333 μm mesh size.",16,333,5000,"Lake Superior, USA",Lake,4.30E-2,N.A.,N.A.,N.A.,N.A.,N.A.,N.A.,Eriksen et al. (2013)
"Manta trawl: 16 cm high, 333 μm mesh size.",16,333,5000,"Lake Superior, USA",Lake,7.90E-2,N.A.,N.A.,N.A.,N.A.,N.A.,N.A.,Eriksen et al. (2013)
"Manta trawl: 16 cm high, 333 μm mesh size.",16,333,5000,"Lake Erie, USA",Lake,2.93E-2,N.A.,N.A.,N.A.,N.A.,N.A.,N.A.,Eriksen et al. (2013)
"Manta trawl: 16 cm high, 333 μm mesh size.",16,333,5000,"Lake Erie, USA",Lake,3.79E-2,N.A.,N.A.,N.A.,N.A.,N.A.,N.A.,Eriksen et al. (2013)
"Manta trawl: 16 cm high, 333 μm mesh size.",16,333,5000,"Lake Erie, USA",Lake,5.32E-2,N.A.,N.A.,N.A.,N.A.,N.A.,N.A.,Eriksen et al. (2013)
"Manta trawl: 16 cm high, 333 μm mesh size.",16,333,5000,"Lake Erie, USA",Lake,5.70E-2,N.A.,N.A.,N.A.,N.A.,N.A.,N.A.,Eriksen et al. (2013)
"Manta trawl: 16 cm high, 333 μm mesh size.",16,333,5000,"Lake Erie, USA",Lake,7.05E-2,N.A.,N.A.,N.A.,N.A.,N.A.,N.A.,Eriksen et al. (2013)
"Manta trawl: 16 cm high, 333 μm mesh size.",16,333,5000,"Lake Erie, USA",Lake,3.57E-1,N.A.,N.A.,N.A.,N.A.,N.A.,N.A.,Eriksen et al. (2013)
"Manta trawl: 16 cm high, 333 μm mesh size.",16,333,5000,"Lake Erie, USA",Lake,1.76E+0,N.A.,N.A.,N.A.,N.A.,N.A.,N.A.,Eriksen et al. (2013)
"Manta trawl: 16 cm high, 333 μm mesh size.",16,333,5000,"Lake Erie, USA",Lake,2.91E+0,N.A.,N.A.,N.A.,N.A.,N.A.,N.A.,Eriksen et al. (2013)
Neuston net: 333 μm mesh size.,,333,5000,"North Shore Channel, Lake Michigan, USA",River,N.A.,N.A.,2.80E+0,N.A.,N.A.,5.00E-1,Normal: mean and SD,Hoellein et al. (2017)
Neuston net: 333 μm mesh size.,,333,5000,"North Shore Channel, Lake Michigan, USA",River,N.A.,N.A.,5.00E+0,N.A.,N.A.,9.00E-1,Normal: mean and SD,Hoellein et al. (2017)
Neuston net: 333 μm mesh size.,,333,5000,"North Shore Channel, Lake Michigan, USA",River,N.A.,N.A.,4.70E+0,N.A.,N.A.,3.20E+0,Normal: mean and SD,Hoellein et al. (2017)
Neuston net: 333 μm mesh size.,,333,5000,"North Shore Channel, Lake Michigan, USA",River,N.A.,N.A.,6.10E+0,N.A.,N.A.,3.10E+0,Normal: mean and SD,Hoellein et al. (2017)
Neuston net: 333 μm mesh size.,,333,5000,"North Shore Channel, Lake Michigan, USA",River,N.A.,N.A.,6.40E+0,N.A.,N.A.,9.00E-1,Normal: mean and SD,Hoellein et al. (2017)
"Neuston nets: 41-42 cm high, 333 μm mesh size.",41.5,333,5000,"North Shore Channel, Lake Michigan, USA",River,N.A.,N.A.,1.94E+0,N.A.,N.A.,8.10E-1,Normal: mean and SD,McCormick et al. (2014)
"Neuston nets: 41-42 cm high, 333 μm mesh size.",41.5,333,5000,"North Shore Channel, Lake Michigan, USA",River,N.A.,N.A.,1.79E+1,N.A.,N.A.,1.11E+1,Normal: mean and SD,McCormick et al. (2014)
"Bottles of 1.85 L, filtration at 450 nm.",,0.45,5000,"Snake and Columbia Rivers, USA",River,0.00E+0,N.A.,N.A.,N.A.,N.A.,N.A.,N.A.,Kapp and Yeatman (2018)
"Bottles of 1.85 L, filtration at 450 nm.",,0.45,5000,"Snake and Columbia Rivers, USA",River,0.00E+0,N.A.,N.A.,N.A.,N.A.,N.A.,N.A.,Kapp and Yeatman (2018)
"Bottles of 1.85 L, filtration at 450 nm.",,0.45,5000,"Snake and Columbia Rivers, USA",River,1.12E+3,N.A.,N.A.,N.A.,N.A.,N.A.,N.A.,Kapp and Yeatman (2018)
"Bottles of 1.85 L, filtration at 450 nm.",,0.45,5000,"Snake and Columbia Rivers, USA",River,0.00E+0,N.A.,N.A.,N.A.,N.A.,N.A.,N.A.,Kapp and Yeatman (2018)
"Bottles of 1.85 L, filtration at 450 nm.",,0.45,5000,"Snake and Columbia Rivers, USA",River,5.52E+2,N.A.,N.A.,N.A.,N.A.,N.A.,N.A.,Kapp and Yeatman (2018)
"Bottles of 1.85 L, filtration at 450 nm.",,0.45,5000,"Snake and Columbia Rivers, USA",River,5.59E+2,N.A.,N.A.,N.A.,N.A.,N.A.,N.A.,Kapp and Yeatman (2018)
"Bottles of 1.85 L, filtration at 450 nm.",,0.45,5000,"Snake and Columbia Rivers, USA",River,5.18E+2,N.A.,N.A.,N.A.,N.A.,N.A.,N.A.,Kapp and Yeatman (2018)
"Bottles of 1.85 L, filtration at 450 nm.",,0.45,5000,"Snake and Columbia Rivers, USA",River,5.17E+2,N.A.,N.A.,N.A.,N.A.,N.A.,N.A.,Kapp and Yeatman (2018)
"Bottles of 1.85 L, filtration at 450 nm.",,0.45,5000,"Snake and Columbia Rivers, USA",River,5.41E+3,N.A.,N.A.,N.A.,N.A.,N.A.,N.A.,Kapp and Yeatman (2018)
"Bottles of 1.85 L, filtration at 450 nm.",,0.45,5000,"Snake and Columbia Rivers, USA",River,5.63E+2,N.A.,N.A.,N.A.,N.A.,N.A.,N.A.,Kapp and Yeatman (2018)
"Bottles of 1.85 L, filtration at 450 nm.",,0.45,5000,"Snake and Columbia Rivers, USA",River,0.00E+0,N.A.,N.A.,N.A.,N.A.,N.A.,N.A.,Kapp and Yeatman (2018)
"Bottles of 1.85 L, filtration at 450 nm.",,0.45,5000,"Snake and Columbia Rivers, USA",River,1.05E+3,N.A.,N.A.,N.A.,N.A.,N.A.,N.A.,Kapp and Yeatman (2018)
"Bottles of 1.85 L, filtration at 450 nm.",,0.45,5000,"Snake and Columbia Rivers, USA",River,6.32E+2,N.A.,N.A.,N.A.,N.A.,N.A.,N.A.,Kapp and Yeatman (2018)
"Bottles of 1.85 L, filtration at 450 nm.",,0.45,5000,"Snake and Columbia Rivers, USA",River,5.18E+2,N.A.,N.A.,N.A.,N.A.,N.A.,N.A.,Kapp and Yeatman (2018)
"Bottles of 1.85 L, filtration at 450 nm.",,0.45,5000,"Snake and Columbia Rivers, USA",River,4.93E+2,N.A.,N.A.,N.A.,N.A.,N.A.,N.A.,Kapp and Yeatman (2018)
"Bottles of 1.85 L, filtration at 450 nm.",,0.45,5000,"Snake and Columbia Rivers, USA",River,5.36E+2,N.A.,N.A.,N.A.,N.A.,N.A.,N.A.,Kapp and Yeatman (2018)
"Bottles of 1.85 L, filtration at 450 nm.",,0.45,5000,"Snake and Columbia Rivers, USA",River,5.26E+2,N.A.,N.A.,N.A.,N.A.,N.A.,N.A.,Kapp and Yeatman (2018)
"Bottles of 1.85 L, filtration at 450 nm.",,0.45,5000,"Snake and Columbia Rivers, USA",River,0.00E+0,N.A.,N.A.,N.A.,N.A.,N.A.,N.A.,Kapp and Yeatman (2018)
"Bottles of 1.85 L, filtration at 450 nm.",,0.45,5000,"Snake and Columbia Rivers, USA",River,0.00E+0,N.A.,N.A.,N.A.,N.A.,N.A.,N.A.,Kapp and Yeatman (2018)
"Bottles of 1.85 L, filtration at 450 nm.",,0.45,5000,"Snake and Columbia Rivers, USA",River,1.08E+3,N.A.,N.A.,N.A.,N.A.,N.A.,N.A.,Kapp and Yeatman (2018)
"Bottles of 1.85 L, filtration at 450 nm.",,0.45,5000,"Snake and Columbia Rivers, USA",River,5.38E+2,N.A.,N.A.,N.A.,N.A.,N.A.,N.A.,Kapp and Yeatman (2018)
"Bottles of 1.85 L, filtration at 450 nm.",,0.45,5000,"Snake and Columbia Rivers, USA",River,1.71E+3,N.A.,N.A.,N.A.,N.A.,N.A.,N.A.,Kapp and Yeatman (2018)
"Bottles of 1.85 L, filtration at 450 nm.",,0.45,5000,"Snake and Columbia Rivers, USA",River,0.00E+0,N.A.,N.A.,N.A.,N.A.,N.A.,N.A.,Kapp and Yeatman (2018)
"Bottles of 1.85 L, filtration at 450 nm.",,0.45,5000,"Snake and Columbia Rivers, USA",River,2.14E+3,N.A.,N.A.,N.A.,N.A.,N.A.,N.A.,Kapp and Yeatman (2018)
"Bottles of 1.85 L, filtration at 450 nm.",,0.45,5000,"Snake and Columbia Rivers, USA",River,3.20E+3,N.A.,N.A.,N.A.,N.A.,N.A.,N.A.,Kapp and Yeatman (2018)
"Bottles of 1.85 L, filtration at 450 nm.",,0.45,5000,"Snake and Columbia Rivers, USA",River,1.71E+3,N.A.,N.A.,N.A.,N.A.,N.A.,N.A.,Kapp and Yeatman (2018)
"Bottles of 1.85 L, filtration at 450 nm.",,0.45,5000,"Snake and Columbia Rivers, USA",River,1.11E+3,N.A.,N.A.,N.A.,N.A.,N.A.,N.A.,Kapp and Yeatman (2018)
"Bottles of 1.85 L, filtration at 450 nm.",,0.45,5000,"Snake and Columbia Rivers, USA",River,1.09E+3,N.A.,N.A.,N.A.,N.A.,N.A.,N.A.,Kapp and Yeatman (2018)
"Bottles of 1.85 L, filtration at 450 nm.",,0.45,5000,"Snake and Columbia Rivers, USA",River,1.12E+3,N.A.,N.A.,N.A.,N.A.,N.A.,N.A.,Kapp and Yeatman (2018)
Plankton net: 100 μm mesh size,,100,5000,"Snake and Columbia Rivers, USA",River,0.00E+0,N.A.,N.A.,N.A.,N.A.,N.A.,N.A.,Kapp and Yeatman (2018)
Plankton net: 100 μm mesh size,,100,5000,"Snake and Columbia Rivers, USA",River,0.00E+0,N.A.,N.A.,N.A.,N.A.,N.A.,N.A.,Kapp and Yeatman (2018)
Plankton net: 100 μm mesh size,,100,5000,"Snake and Columbia Rivers, USA",River,2.46E-1,N.A.,N.A.,N.A.,N.A.,N.A.,N.A.,Kapp and Yeatman (2018)
Plankton net: 100 μm mesh size,,100,5000,"Snake and Columbia Rivers, USA",River,2.28E+0,N.A.,N.A.,N.A.,N.A.,N.A.,N.A.,Kapp and Yeatman (2018)
Plankton net: 100 μm mesh size,,100,5000,"Snake and Columbia Rivers, USA",River,9.80E-1,N.A.,N.A.,N.A.,N.A.,N.A.,N.A.,Kapp and Yeatman (2018)
Plankton net: 100 μm mesh size,,100,5000,"Snake and Columbia Rivers, USA",River,8.32E-1,N.A.,N.A.,N.A.,N.A.,N.A.,N.A.,Kapp and Yeatman (2018)
Plankton net: 100 μm mesh size,,100,5000,"Snake and Columbia Rivers, USA",River,5.56E-1,N.A.,N.A.,N.A.,N.A.,N.A.,N.A.,Kapp and Yeatman (2018)
Plankton net: 100 μm mesh size,,100,5000,"Snake and Columbia Rivers, USA",River,5.25E-1,N.A.,N.A.,N.A.,N.A.,N.A.,N.A.,Kapp and Yeatman (2018)
Plankton net: 100 μm mesh size,,100,5000,"Snake and Columbia Rivers, USA",River,5.40E-1,N.A.,N.A.,N.A.,N.A.,N.A.,N.A.,Kapp and Yeatman (2018)
Plankton net: 100 μm mesh size,,100,5000,"Snake and Columbia Rivers, USA",River,3.50E+0,N.A.,N.A.,N.A.,N.A.,N.A.,N.A.,Kapp and Yeatman (2018)
Plankton net: 100 μm mesh size,,100,5000,"Snake and Columbia Rivers, USA",River,1.44E+0,N.A.,N.A.,N.A.,N.A.,N.A.,N.A.,Kapp and Yeatman (2018)
Plankton net: 100 μm mesh size,,100,5000,"Snake and Columbia Rivers, USA",River,4.79E+0,N.A.,N.A.,N.A.,N.A.,N.A.,N.A.,Kapp and Yeatman (2018)
Plankton net: 100 μm mesh size,,100,5000,"Snake and Columbia Rivers, USA",River,6.11E-1,N.A.,N.A.,N.A.,N.A.,N.A.,N.A.,Kapp and Yeatman (2018)
Plankton net: 100 μm mesh size,,100,5000,"Snake and Columbia Rivers, USA",River,1.29E+0,N.A.,N.A.,N.A.,N.A.,N.A.,N.A.,Kapp and Yeatman (2018)
Plankton net: 100 μm mesh size,,100,5000,"Snake and Columbia Rivers, USA",River,9.49E+0,N.A.,N.A.,N.A.,N.A.,N.A.,N.A.,Kapp and Yeatman (2018)
Plankton net: 100 μm mesh size,,100,5000,"Snake and Columbia Rivers, USA",River,1.39E+0,N.A.,N.A.,N.A.,N.A.,N.A.,N.A.,Kapp and Yeatman (2018)
Plankton net: 100 μm mesh size,,100,5000,"Snake and Columbia Rivers, USA",River,1.37E+1,N.A.,N.A.,N.A.,N.A.,N.A.,N.A.,Kapp and Yeatman (2018)
Plankton net: 100 μm mesh size,,100,5000,"Snake and Columbia Rivers, USA",River,1.27E+0,N.A.,N.A.,N.A.,N.A.,N.A.,N.A.,Kapp and Yeatman (2018)
Plankton net: 100 μm mesh size,,100,5000,"Snake and Columbia Rivers, USA",River,2.13E+0,N.A.,N.A.,N.A.,N.A.,N.A.,N.A.,Kapp and Yeatman (2018)
Plankton net: 100 μm mesh size,,100,5000,"Snake and Columbia Rivers, USA",River,4.84E+0,N.A.,N.A.,N.A.,N.A.,N.A.,N.A.,Kapp and Yeatman (2018)
Plankton net: 100 μm mesh size,,100,5000,"Snake and Columbia Rivers, USA",River,1.93E+0,N.A.,N.A.,N.A.,N.A.,N.A.,N.A.,Kapp and Yeatman (2018)
Plankton net: 100 μm mesh size,,100,5000,"Snake and Columbia Rivers, USA",River,1.44E+0,N.A.,N.A.,N.A.,N.A.,N.A.,N.A.,Kapp and Yeatman (2018)
Plankton net: 100 μm mesh size,,100,5000,"Snake and Columbia Rivers, USA",River,1.09E+0,N.A.,N.A.,N.A.,N.A.,N.A.,N.A.,Kapp and Yeatman (2018)
Plankton net: 100 μm mesh size,,100,5000,"Snake and Columbia Rivers, USA",River,1.43E+0,N.A.,N.A.,N.A.,N.A.,N.A.,N.A.,Kapp and Yeatman (2018)
Plankton net: 100 μm mesh size,,100,5000,"Snake and Columbia Rivers, USA",River,2.53E+0,N.A.,N.A.,N.A.,N.A.,N.A.,N.A.,Kapp and Yeatman (2018)
Plankton net: 100 μm mesh size,,100,5000,"Snake and Columbia Rivers, USA",River,4.70E+0,N.A.,N.A.,N.A.,N.A.,N.A.,N.A.,Kapp and Yeatman (2018)
Plankton net: 100 μm mesh size,,100,5000,"Snake and Columbia Rivers, USA",River,2.93E+0,N.A.,N.A.,N.A.,N.A.,N.A.,N.A.,Kapp and Yeatman (2018)
Plankton net: 100 μm mesh size,,100,5000,"Snake and Columbia Rivers, USA",River,4.43E+0,N.A.,N.A.,N.A.,N.A.,N.A.,N.A.,Kapp and Yeatman (2018)
Plankton net: 100 μm mesh size,,100,5000,"Snake and Columbia Rivers, USA",River,3.65E+0,N.A.,N.A.,N.A.,N.A.,N.A.,N.A.,Kapp and Yeatman (2018)
"Neuston net: 36 cm high, 333 μm mesh size",36,333,5000,"Higgen's Creek, Chicago, USA",River,N.A.,N.A.,5.70E-1,N.A.,N.A.,1.60E-1,Normal: mean and SD,(McCormick et al. 2016)
"Neuston net: 36 cm high, 333 μm mesh size",36,333,5000,"Higgen's Creek, Chicago, USA",River,N.A.,N.A.,1.12E+1,N.A.,N.A.,1.53E+0,Normal: mean and SD,(McCormick et al. 2016)
"Neuston net: 36 cm high, 333 μm mesh size",36,333,5000,"Springbrook Creek, Chicago, USA",River,N.A.,N.A.,1.17E+0,N.A.,N.A.,5.00E-2,Normal: mean and SD,(McCormick et al. 2016)
"Neuston net: 36 cm high, 333 μm mesh size",36,333,5000,"Springbrook Creek, Chicago, USA",River,N.A.,N.A.,5.39E+0,N.A.,N.A.,1.82E+0,Normal: mean and SD,(McCormick et al. 2016)
"Neuston net: 36 cm high, 333 μm mesh size",36,333,5000,"L Kickapoo Creek, Chicago, USA",River,N.A.,N.A.,1.24E+0,N.A.,N.A.,4.30E-1,Normal: mean and SD,(McCormick et al. 2016)
"Neuston net: 36 cm high, 333 μm mesh size",36,333,5000,"L Kickapoo Creek, Chicago, USA",River,N.A.,N.A.,8.00E-1,N.A.,N.A.,3.00E-1,Normal: mean and SD,(McCormick et al. 2016)
"Neuston net: 36 cm high, 333 μm mesh size",36,333,5000,"N Shore Channel, Chicago, USA",River,N.A.,N.A.,3.36E+0,N.A.,N.A.,7.40E-1,Normal: mean and SD,(McCormick et al. 2016)
"Neuston net: 36 cm high, 333 μm mesh size",36,333,5000,"N Shore Channel, Chicago, USA",River,N.A.,N.A.,6.60E+0,N.A.,N.A.,1.37E+0,Normal: mean and SD,(McCormick et al. 2016)
"Neuston net: 36 cm high, 333 μm mesh size",36,333,5000,"Goose Creek, Chicago, USA",River,N.A.,N.A.,4.37E+0,N.A.,N.A.,1.52E+0,Normal: mean and SD,(McCormick et al. 2016)
"Neuston net: 36 cm high, 333 μm mesh size",36,333,5000,"Goose Creek, Chicago, USA",River,N.A.,N.A.,2.53E+0,N.A.,N.A.,1.36E+0,Normal: mean and SD,(McCormick et al. 2016)
"Neuston net: 36 cm high, 333 μm mesh size",36,333,5000,"DuPage River, Chicago, USA",River,N.A.,N.A.,5.92E+0,N.A.,N.A.,1.14E+0,Normal: mean and SD,(McCormick et al. 2016)
"Neuston net: 36 cm high, 333 μm mesh size",36,333,5000,"DuPage River, Chicago, USA",River,N.A.,N.A.,1.03E+1,N.A.,N.A.,4.14E+0,Normal: mean and SD,(McCormick et al. 2016)
"Neuston net: 36 cm high, 333 μm mesh size",36,333,5000,"W Br DuPage River, Chicago, USA",River,N.A.,N.A.,9.30E-1,N.A.,N.A.,2.50E-1,Normal: mean and SD,(McCormick et al. 2016)
"Neuston net: 36 cm high, 333 μm mesh size",36,333,5000,"W Br DuPage River, Chicago, USA",River,N.A.,N.A.,2.96E+0,N.A.,N.A.,2.70E-1,Normal: mean and SD,(McCormick et al. 2016)
"Neuston net: 36 cm high, 333 μm mesh size",36,333,5000,"Salt Creek, Chicago, USA",River,N.A.,N.A.,4.80E-1,N.A.,N.A.,9.00E-2,Normal: mean and SD,(McCormick et al. 2016)
"Neuston net: 36 cm high, 333 μm mesh size",36,333,5000,"Salt Creek, Chicago, USA",River,N.A.,N.A.,3.73E+0,N.A.,N.A.,1.60E+0,Normal: mean and SD,(McCormick et al. 2016)
"Neuston net: 36 cm high, 333 μm mesh size",36,333,5000,"E Br DuPage River, Chicago, USA",River,N.A.,N.A.,3.14E+0,N.A.,N.A.,6.20E-1,Normal: mean and SD,(McCormick et al. 2016)
"Neuston net: 36 cm high, 333 μm mesh size",36,333,5000,"E Br DuPage River, Chicago, USA",River,N.A.,N.A.,8.86E+0,N.A.,N.A.,3.83E+0,Normal: mean and SD,(McCormick et al. 2016)
"Trawl net (16 x 61 cm), mesh size 333 μm",16,333,5000,"Lake Hovsgol, Mongolia",Lake,1.27E-1,N.A.,N.A.,N.A.,N.A.,N.A.,N.A.,Free et al. (2014)
"Trawl net (16 x 61 cm), mesh size 333 μm",16,333,5000,"Lake Hovsgol, Mongolia",Lake,2.56E-1,N.A.,N.A.,N.A.,N.A.,N.A.,N.A.,Free et al. (2014)
"Trawl net (16 x 61 cm), mesh size 333 μm",16,333,5000,"Lake Hovsgol, Mongolia",Lake,7.81E-2,N.A.,N.A.,N.A.,N.A.,N.A.,N.A.,Free et al. (2014)
"Trawl net (16 x 61 cm), mesh size 333 μm",16,333,5000,"Lake Hovsgol, Mongolia",Lake,6.06E-2,N.A.,N.A.,N.A.,N.A.,N.A.,N.A.,Free et al. (2014)
"Trawl net (16 x 61 cm), mesh size 333 μm",16,333,5000,"Lake Hovsgol, Mongolia",Lake,5.89E-2,N.A.,N.A.,N.A.,N.A.,N.A.,N.A.,Free et al. (2014)
"Trawl net (16 x 61 cm), mesh size 333 μm",16,333,5000,"Lake Hovsgol, Mongolia",Lake,8.65E-2,N.A.,N.A.,N.A.,N.A.,N.A.,N.A.,Free et al. (2014)
"Trawl net (16 x 61 cm), mesh size 333 μm",16,333,5000,"Lake Hovsgol, Mongolia",Lake,6.23E-3,N.A.,N.A.,N.A.,N.A.,N.A.,N.A.,Free et al. (2014)
"Trawl net (16 x 61 cm), mesh size 333 μm",16,333,5000,"Lake Hovsgol, Mongolia",Lake,6.39E-2,N.A.,N.A.,N.A.,N.A.,N.A.,N.A.,Free et al. (2014)
"Trawl net (16 x 61 cm), mesh size 333 μm",16,333,5000,"Lake Hovsgol, Mongolia",Lake,1.87E-1,N.A.,N.A.,N.A.,N.A.,N.A.,N.A.,Free et al. (2014)
"Handnets (mesh sizes 800 and 500 μm), manta trawl net (mesh size 333 μm), streambed sampler (mesh size 333 μm), rectangular net (mesh size 333 μm)",,800,5000,"Coyote Creek, CA, USA",River,7.40E+1,N.A.,N.A.,N.A.,N.A.,N.A.,N.A.,Moore et al. (2011)
"Handnets (mesh sizes 800 and 500 μm), manta trawl net (mesh size 333 μm), streambed sampler (mesh size 333 μm), rectangular net (mesh size 333 μm)",,800,5000,"Coyote Creek, CA, USA",River,1.80E+1,N.A.,N.A.,N.A.,N.A.,N.A.,N.A.,Moore et al. (2011)
"Handnets (mesh sizes 800 and 500 μm), manta trawl net (mesh size 333 μm), streambed sampler (mesh size 333 μm), rectangular net (mesh size 333 μm)",,800,5000,"Coyote Creek, CA, USA",River,7.00E+0,N.A.,N.A.,N.A.,N.A.,N.A.,N.A.,Moore et al. (2011)
"Handnets (mesh sizes 800 and 500 μm), manta trawl net (mesh size 333 μm), streambed sampler (mesh size 333 μm), rectangular net (mesh size 333 μm)",,800,5000,"San Gabriel River, CA, USA",River,2.14E+2,N.A.,N.A.,N.A.,N.A.,N.A.,N.A.,Moore et al. (2011)
"Handnets (mesh sizes 800 and 500 μm), manta trawl net (mesh size 333 μm), streambed sampler (mesh size 333 μm), rectangular net (mesh size 333 μm)",,800,5000,"San Gabriel River, CA, USA",River,3.00E+1,N.A.,N.A.,N.A.,N.A.,N.A.,N.A.,Moore et al. (2011)
"Handnets (mesh sizes 800 and 500 μm), manta trawl net (mesh size 333 μm), streambed sampler (mesh size 333 μm), rectangular net (mesh size 333 μm)",,800,5000,"San Gabriel River, CA, USA",River,0.00E+0,N.A.,N.A.,N.A.,N.A.,N.A.,N.A.,Moore et al. (2011)
"Handnets (mesh sizes 800 and 500 μm), manta trawl net (mesh size 333 μm), streambed sampler (mesh size 333 μm), rectangular net (mesh size 333 μm)",,800,5000,"Los Angeles River, CA, USA",River,1.29E+4,N.A.,N.A.,N.A.,N.A.,N.A.,N.A.,Moore et al. (2011)
"Handnets (mesh sizes 800 and 500 μm), manta trawl net (mesh size 333 μm), streambed sampler (mesh size 333 μm), rectangular net (mesh size 333 μm)",,800,5000,"Los Angeles River, CA, USA",River,3.60E+1,N.A.,N.A.,N.A.,N.A.,N.A.,N.A.,Moore et al. (2011)
"Handnets (mesh sizes 800 and 500 μm), manta trawl net (mesh size 333 μm), streambed sampler (mesh size 333 μm), rectangular net (mesh size 333 μm)",,800,5000,"Los Angeles River, CA, USA",River,2.20E+1,N.A.,N.A.,N.A.,N.A.,N.A.,N.A.,Moore et al. (2011)
"Manta trawl net (16 x 61 cm), mesh size 100 μm",16,100,5000,"Lake Huron, USA",Lake,N.A.,1.09E+0,1.26E-2,N.A.,3.20E-2,N.A.,Triangular: min-mean-max,Cable et al. (2017)
"Manta trawl net (16 x 61 cm), mesh size 100 μm",16,100,5000,"Lake Huron, USA",Lake,N.A.,0.00E+0,4.26E+1,N.A.,1.08E-2,N.A.,Triangular: min-mean-max,Cable et al. (2017)
"Manta trawl net (16 x 61 cm), mesh size 100 μm",16,100,5000,"Lake Huron, USA",Lake,N.A.,1.07E+1,3.60E+1,N.A.,7.55E+1,N.A.,Triangular: min-mean-max,Cable et al. (2017)
"Manta trawl net (16 x 61 cm), mesh size 100 μm",16,100,5000,"Lake Huron, USA",Lake,N.A.,8.13E+0,4.78E+2,N.A.,1.42E+3,N.A.,Triangular: min-mean-max,Cable et al. (2017)
"Manta trawl net (16 x 61 cm), mesh size 100 μm",16,100,5000,"Lake Huron, USA",Lake,N.A.,0.00E+0,1.98E+2,N.A.,5.92E+2,N.A.,Triangular: min-mean-max,Cable et al. (2017)
"Manta trawl net (16 x 61 cm), mesh size 100 μm",16,100,5000,"Lake Huron, USA",Lake,N.A.,0.00E+0,5.22E+0,N.A.,1.03E+1,N.A.,Triangular: min-mean-max,Cable et al. (2017)
"Manta trawl net (16 x 61 cm), mesh size 100 μm",16,100,5000,"Lake Huron, USA",Lake,N.A.,0.00E+0,1.12E+0,N.A.,3.36E+0,N.A.,Triangular: min-mean-max,Cable et al. (2017)
"Manta trawl net (16 x 61 cm), mesh size 100 μm",16,100,5000,"Lake Huron, USA",Lake,N.A.,3.79E+2,5.55E+2,N.A.,8.34E+2,N.A.,Triangular: min-mean-max,Cable et al. (2017)
"Manta trawl net (16 x 61 cm), mesh size 100 μm",16,100,5000,"Lake Huron, USA",Lake,N.A.,3.95E+2,4.66E+2,N.A.,5.63E+2,N.A.,Triangular: min-mean-max,Cable et al. (2017)
"Manta trawl net (16 x 61 cm), mesh size 100 μm",16,100,5000,"Lake St. Clair, USA",Lake,N.A.,2.35E+0,N.A.,N.A.,5.86E+0,N.A.,Uniform from min to max,Cable et al. (2017)
"Manta trawl net (16 x 61 cm), mesh size 100 μm",16,100,5000,"Lake St. Clair, USA",Lake,4.69E+0,N.A.,N.A.,N.A.,N.A.,N.A.,N.A.,Cable et al. (2017)
"Manta trawl net (16 x 61 cm), mesh size 100 μm",16,100,5000,"Lake St. Clair, USA",Lake,N.A.,6.96E+2,N.A.,N.A.,7.06E+2,N.A.,Uniform from min to max,Cable et al. (2017)
"Manta trawl net (16 x 61 cm), mesh size 100 μm",16,100,5000,"Lake St. Clair, USA",Lake,N.A.,4.45E+1,1.04E+3,N.A.,1.98E+3,N.A.,Triangular: min-mean-max,Cable et al. (2017)
"Manta trawl net (16 x 61 cm), mesh size 100 μm",16,100,5000,"Lake St. Clair, USA",Lake,N.A.,1.21E+1,3.22E+1,N.A.,6.43E+1,N.A.,Triangular: min-mean-max,Cable et al. (2017)
"Manta trawl net (16 x 61 cm), mesh size 100 μm",16,100,5000,"Lake Erie, USA",Lake,N.A.,1.07E+2,N.A.,N.A.,3.18E+3,N.A.,Uniform from min to max,Cable et al. (2017)
"Manta trawl net (16 x 61 cm), mesh size 100 μm",16,100,5000,"Lake Erie, USA",Lake,N.A.,9.31E+1,7.28E+2,N.A.,1.12E+3,N.A.,Triangular: min-mean-max,Cable et al. (2017)
"Manta trawl net (16 x 61 cm), mesh size 100 μm",16,100,5000,"Lake Erie, USA",Lake,N.A.,4.27E+0,4.85E+0,N.A.,5.26E+0,N.A.,Triangular: min-mean-max,Cable et al. (2017)
"Manta trawl net (16 x 61 cm), mesh size 100 μm",16,100,5000,"Lake Erie, USA",Lake,N.A.,8.10E+0,1.22E+2,N.A.,2.50E+2,N.A.,Triangular: min-mean-max,Cable et al. (2017)
"Manta trawl net (16 x 61 cm), mesh size 100 μm",16,100,5000,"Lake Erie, USA",Lake,N.A.,8.56E+0,2.42E+1,N.A.,4.91E+1,N.A.,Triangular: min-mean-max,Cable et al. (2017)
"Manta trawl net (16 x 61 cm), mesh size 100 μm",16,100,5000,"Lake Erie, USA",Lake,N.A.,0.00E+0,3.22E+0,N.A.,9.66E+0,N.A.,Triangular: min-mean-max,Cable et al. (2017)
"Manta trawl net (16 x 61 cm), mesh size 100 μm",16,100,5000,"Lake Erie, USA",Lake,N.A.,1.60E+0,1.62E+2,N.A.,4.72E+2,N.A.,Triangular: min-mean-max,Cable et al. (2017)
"Manta trawl net (16 x 61 cm), mesh size 100 μm",16,100,5000,"Lake Erie, USA",Lake,N.A.,1.62E+0,2.26E+0,N.A.,3.39E+0,N.A.,Triangular: min-mean-max,Cable et al. (2017)
"Manta trawl net (16 x 61 cm), mesh size 100 μm",16,100,5000,"Lake Erie, USA",Lake,N.A.,1.12E+1,6.88E+2,N.A.,2.02E+3,N.A.,Triangular: min-mean-max,Cable et al. (2017)
"Manta trawl net (16 x 61 cm), mesh size 100 μm",16,100,5000,"Lake Erie, USA",Lake,N.A.,1.08E+3,1.15E+3,N.A.,1.28E+3,N.A.,Triangular: min-mean-max,Cable et al. (2017)
"Manta trawl net (16 x 61 cm), mesh size 100 μm",16,100,5000,"Lake Erie, USA",Lake,N.A.,1.41E+1,1.86E+1,N.A.,2.16E+1,N.A.,Triangular: min-mean-max,Cable et al. (2017)
"Manta trawl net (16 x 61 cm), mesh size 100 μm",16,100,5000,"Lake Erie, USA",Lake,N.A.,1.58E+1,3.57E+2,N.A.,9.92E+2,N.A.,Triangular: min-mean-max,Cable et al. (2017)
"Manta trawl net (16 x 61 cm), mesh size 100 μm",16,100,5000,"Lake Erie, USA",Lake,N.A.,5.31E+0,1.95E+2,N.A.,5.74E+2,N.A.,Triangular: min-mean-max,Cable et al. (2017)
"Manta trawl net (16 x 61 cm), mesh size 100 μm",16,100,5000,"Lake Erie, USA",Lake,N.A.,6.46E+0,8.26E+1,N.A.,1.70E+2,N.A.,Triangular: min-mean-max,Cable et al. (2017)
"Manta trawl net (16 x 61 cm), mesh size 100 μm",16,100,5000,"Lake Erie, USA",Lake,N.A.,5.18E+1,2.22E+2,N.A.,4.96E+2,N.A.,Triangular: min-mean-max,Cable et al. (2017)
"Manta trawl net (16 x 61 cm), mesh size 100 μm",16,100,5000,"Lake Erie, USA",Lake,N.A.,1.13E+1,4.58E+1,N.A.,6.77E+1,N.A.,Triangular: min-mean-max,Cable et al. (2017)
"Manta trawl net (16 x 61 cm), mesh size 100 μm",16,100,5000,"Lake Erie, USA",Lake,N.A.,3.30E+0,2.86E+2,N.A.,8.46E+2,N.A.,Triangular: min-mean-max,Cable et al. (2017)
"Manta trawl net (16 x 61 cm), mesh size 100 μm",16,100,5000,"Lake Erie, USA",Lake,N.A.,4.94E+0,1.40E+1,N.A.,1.98E+1,N.A.,Triangular: min-mean-max,Cable et al. (2017)
"Manta trawl net (16 x 61 cm), mesh size 100 μm",16,100,5000,"Lake Erie, USA",Lake,N.A.,3.71E+0,1.31E+2,N.A.,2.74E+2,N.A.,Triangular: min-mean-max,Cable et al. (2017)
"Manta trawl net (16 x 61 cm), mesh size 100 μm",16,100,5000,"Lake Erie, USA",Lake,N.A.,2.70E+1,8.75E+1,N.A.,1.65E+2,N.A.,Triangular: min-mean-max,Cable et al. (2017)
"Manta trawl net (16 x 61 cm), mesh size 100 μm",16,100,5000,"Lake Erie, USA",Lake,N.A.,2.34E+2,6.24E+2,N.A.,1.30E+3,N.A.,Triangular: min-mean-max,Cable et al. (2017)
"Manta trawl net (16 x 61 cm), mesh size 100 μm",16,100,5000,"Lake Erie, USA",Lake,N.A.,4.83E+1,N.A.,N.A.,2.43E+2,N.A.,Uniform from min to max,Cable et al. (2017)
"Manta trawl net (16 x 61 cm), mesh size 100 μm",16,100,5000,"Lake Superior, USA",Lake,N.A.,1.86E+0,9.50E+0,N.A.,1.60E+1,N.A.,Triangular: min-mean-max,Cable et al. (2017)
"Manta trawl net (16 x 61 cm), mesh size 100 μm",16,100,5000,"Lake Superior, USA",Lake,N.A.,3.33E+0,1.73E+2,N.A.,5.09E+2,N.A.,Triangular: min-mean-max,Cable et al. (2017)
