,Ô..Sampling.apparatus,Device.Opening.Dimension..cm.,Min.particle.size.um,Max.particle.size.um,Sampling.location,System,Single.Measurement.conc....m3.,Minimum.conc....m3.,Mean.conc....m3.,Median.conc....m3.,Maximum.conc....m3.,Standard.deviation.conc....m3.,Probability.distribution,Reference,x1M,x2M,CF,particles.m3.corrected,particles.m3.corrected_mean,particles.m3.corrected_median,particles.single.median.m3,particles.m3.master,particle.L.master,Sample.Type
1,"Trawl net: 18 cm high, 333 Œºm mesh size.",18,333,5000,"Lake Winnipeg, Canada",Lake,0.292,NA,NA,NA,NA,NA,NA,Anderson et al. (2017),333,5000,40.36722156,11.78722869,NA,NA,11.78722869,11.78722869,0.011787229,sample
2,"Trawl net: 18 cm high, 333 Œºm mesh size.",18,333,5000,"Lake Winnipeg, Canada",Lake,0.371,NA,NA,NA,NA,NA,NA,Anderson et al. (2017),333,5000,40.36722156,14.9762392,NA,NA,14.9762392,14.9762392,0.014976239,sample
3,"Trawl net: 18 cm high, 333 Œºm mesh size.",18,333,5000,"Lake Winnipeg, Canada",Lake,0.384,NA,NA,NA,NA,NA,NA,Anderson et al. (2017),333,5000,40.36722156,15.50101308,NA,NA,15.50101308,15.50101308,0.015501013,sample
4,"Trawl net: 18 cm high, 333 Œºm mesh size.",18,333,5000,"Lake Winnipeg, Canada",Lake,0.531,NA,NA,NA,NA,NA,NA,Anderson et al. (2017),333,5000,40.36722156,21.43499465,NA,NA,21.43499465,21.43499465,0.021434995,sample
5,"Trawl net: 18 cm high, 333 Œºm mesh size.",18,333,5000,"Lake Winnipeg, Canada",Lake,0.545,NA,NA,NA,NA,NA,NA,Anderson et al. (2017),333,5000,40.36722156,22.00013575,NA,NA,22.00013575,22.00013575,0.022000136,sample
6,"Trawl net: 18 cm high, 333 Œºm mesh size.",18,333,5000,"Lake Winnipeg, Canada",Lake,0.547,NA,NA,NA,NA,NA,NA,Anderson et al. (2017),333,5000,40.36722156,22.08087019,NA,NA,22.08087019,22.08087019,0.02208087,sample
7,"Trawl net: 18 cm high, 333 Œºm mesh size.",18,333,5000,"Lake Winnipeg, Canada",Lake,0.6,NA,NA,NA,NA,NA,NA,Anderson et al. (2017),333,5000,40.36722156,24.22033293,NA,NA,24.22033293,24.22033293,0.024220333,sample
8,"Trawl net: 18 cm high, 333 Œºm mesh size.",18,333,5000,"Lake Winnipeg, Canada",Lake,0.676,NA,NA,NA,NA,NA,NA,Anderson et al. (2017),333,5000,40.36722156,27.28824177,NA,NA,27.28824177,27.28824177,0.027288242,sample
9,"Trawl net: 18 cm high, 333 Œºm mesh size.",18,333,5000,"Lake Winnipeg, Canada",Lake,0.775,NA,NA,NA,NA,NA,NA,Anderson et al. (2017),333,5000,40.36722156,31.28459671,NA,NA,31.28459671,31.28459671,0.031284597,sample
10,"Trawl net: 18 cm high, 333 Œºm mesh size.",18,333,5000,"Lake Winnipeg, Canada",Lake,0.782,NA,NA,NA,NA,NA,NA,Anderson et al. (2017),333,5000,40.36722156,31.56716726,NA,NA,31.56716726,31.56716726,0.031567167,sample
11,"Trawl net: 18 cm high, 333 Œºm mesh size.",18,333,5000,"Lake Winnipeg, Canada",Lake,0.825,NA,NA,NA,NA,NA,NA,Anderson et al. (2017),333,5000,40.36722156,33.30295779,NA,NA,33.30295779,33.30295779,0.033302958,sample
12,"Trawl net: 18 cm high, 333 Œºm mesh size.",18,333,5000,"Lake Winnipeg, Canada",Lake,0.877,NA,NA,NA,NA,NA,NA,Anderson et al. (2017),333,5000,40.36722156,35.40205331,NA,NA,35.40205331,35.40205331,0.035402053,sample
13,"Trawl net: 18 cm high, 333 Œºm mesh size.",18,333,5000,"Lake Winnipeg, Canada",Lake,0.899,NA,NA,NA,NA,NA,NA,Anderson et al. (2017),333,5000,40.36722156,36.29013218,NA,NA,36.29013218,36.29013218,0.036290132,sample
14,"Trawl net: 18 cm high, 333 Œºm mesh size.",18,333,5000,"Lake Winnipeg, Canada",Lake,0.942,NA,NA,NA,NA,NA,NA,Anderson et al. (2017),333,5000,40.36722156,38.02592271,NA,NA,38.02592271,38.02592271,0.038025923,sample
15,"Trawl net: 18 cm high, 333 Œºm mesh size.",18,333,5000,"Lake Winnipeg, Canada",Lake,0.942,NA,NA,NA,NA,NA,NA,Anderson et al. (2017),333,5000,40.36722156,38.02592271,NA,NA,38.02592271,38.02592271,0.038025923,sample
16,"Trawl net: 18 cm high, 333 Œºm mesh size.",18,333,5000,"Lake Winnipeg, Canada",Lake,0.954,NA,NA,NA,NA,NA,NA,Anderson et al. (2017),333,5000,40.36722156,38.51032937,NA,NA,38.51032937,38.51032937,0.038510329,sample
17,"Trawl net: 18 cm high, 333 Œºm mesh size.",18,333,5000,"Lake Winnipeg, Canada",Lake,0.969,NA,NA,NA,NA,NA,NA,Anderson et al. (2017),333,5000,40.36722156,39.11583769,NA,NA,39.11583769,39.11583769,0.039115838,sample
18,"Trawl net: 18 cm high, 333 Œºm mesh size.",18,333,5000,"Lake Winnipeg, Canada",Lake,1.03,NA,NA,NA,NA,NA,NA,Anderson et al. (2017),333,5000,40.36722156,41.5782382,NA,NA,41.5782382,41.5782382,0.041578238,sample
19,"Trawl net: 18 cm high, 333 Œºm mesh size.",18,333,5000,"Lake Winnipeg, Canada",Lake,1.03,NA,NA,NA,NA,NA,NA,Anderson et al. (2017),333,5000,40.36722156,41.5782382,NA,NA,41.5782382,41.5782382,0.041578238,sample
20,"Trawl net: 18 cm high, 333 Œºm mesh size.",18,333,5000,"Lake Winnipeg, Canada",Lake,1.04,NA,NA,NA,NA,NA,NA,Anderson et al. (2017),333,5000,40.36722156,41.98191042,NA,NA,41.98191042,41.98191042,0.04198191,sample
21,"Trawl net: 18 cm high, 333 Œºm mesh size.",18,333,5000,"Lake Winnipeg, Canada",Lake,1.05,NA,NA,NA,NA,NA,NA,Anderson et al. (2017),333,5000,40.36722156,42.38558264,NA,NA,42.38558264,42.38558264,0.042385583,sample
22,"Trawl net: 18 cm high, 333 Œºm mesh size.",18,333,5000,"Lake Winnipeg, Canada",Lake,1.06,NA,NA,NA,NA,NA,NA,Anderson et al. (2017),333,5000,40.36722156,42.78925485,NA,NA,42.78925485,42.78925485,0.042789255,sample
23,"Trawl net: 18 cm high, 333 Œºm mesh size.",18,333,5000,"Lake Winnipeg, Canada",Lake,1.07,NA,NA,NA,NA,NA,NA,Anderson et al. (2017),333,5000,40.36722156,43.19292707,NA,NA,43.19292707,43.19292707,0.043192927,sample
24,"Trawl net: 18 cm high, 333 Œºm mesh size.",18,333,5000,"Lake Winnipeg, Canada",Lake,1.2,NA,NA,NA,NA,NA,NA,Anderson et al. (2017),333,5000,40.36722156,48.44066587,NA,NA,48.44066587,48.44066587,0.048440666,sample
25,"Trawl net: 18 cm high, 333 Œºm mesh size.",18,333,5000,"Lake Winnipeg, Canada",Lake,1.21,NA,NA,NA,NA,NA,NA,Anderson et al. (2017),333,5000,40.36722156,48.84433809,NA,NA,48.84433809,48.84433809,0.048844338,sample
26,"Trawl net: 18 cm high, 333 Œºm mesh size.",18,333,5000,"Lake Winnipeg, Canada",Lake,1.23,NA,NA,NA,NA,NA,NA,Anderson et al. (2017),333,5000,40.36722156,49.65168252,NA,NA,49.65168252,49.65168252,0.049651683,sample
27,"Trawl net: 18 cm high, 333 Œºm mesh size.",18,333,5000,"Lake Winnipeg, Canada",Lake,1.25,NA,NA,NA,NA,NA,NA,Anderson et al. (2017),333,5000,40.36722156,50.45902695,NA,NA,50.45902695,50.45902695,0.050459027,sample
28,"Trawl net: 18 cm high, 333 Œºm mesh size.",18,333,5000,"Lake Winnipeg, Canada",Lake,1.28,NA,NA,NA,NA,NA,NA,Anderson et al. (2017),333,5000,40.36722156,51.67004359,NA,NA,51.67004359,51.67004359,0.051670044,sample
29,"Trawl net: 18 cm high, 333 Œºm mesh size.",18,333,5000,"Lake Winnipeg, Canada",Lake,1.38,NA,NA,NA,NA,NA,NA,Anderson et al. (2017),333,5000,40.36722156,55.70676575,NA,NA,55.70676575,55.70676575,0.055706766,sample
30,"Trawl net: 18 cm high, 333 Œºm mesh size.",18,333,5000,"Lake Winnipeg, Canada",Lake,1.46,NA,NA,NA,NA,NA,NA,Anderson et al. (2017),333,5000,40.36722156,58.93614347,NA,NA,58.93614347,58.93614347,0.058936143,sample
31,"Trawl net: 18 cm high, 333 Œºm mesh size.",18,333,5000,"Lake Winnipeg, Canada",Lake,1.48,NA,NA,NA,NA,NA,NA,Anderson et al. (2017),333,5000,40.36722156,59.74348791,NA,NA,59.74348791,59.74348791,0.059743488,sample
32,"Trawl net: 18 cm high, 333 Œºm mesh size.",18,333,5000,"Lake Winnipeg, Canada",Lake,1.55,NA,NA,NA,NA,NA,NA,Anderson et al. (2017),333,5000,40.36722156,62.56919342,NA,NA,62.56919342,62.56919342,0.062569193,sample
33,"Trawl net: 18 cm high, 333 Œºm mesh size.",18,333,5000,"Lake Winnipeg, Canada",Lake,1.57,NA,NA,NA,NA,NA,NA,Anderson et al. (2017),333,5000,40.36722156,63.37653785,NA,NA,63.37653785,63.37653785,0.063376538,sample
34,"Trawl net: 18 cm high, 333 Œºm mesh size.",18,333,5000,"Lake Winnipeg, Canada",Lake,1.63,NA,NA,NA,NA,NA,NA,Anderson et al. (2017),333,5000,40.36722156,65.79857114,NA,NA,65.79857114,65.79857114,0.065798571,sample
35,"Trawl net: 18 cm high, 333 Œºm mesh size.",18,333,5000,"Lake Winnipeg, Canada",Lake,4.16,NA,NA,NA,NA,NA,NA,Anderson et al. (2017),333,5000,40.36722156,167.9276417,NA,NA,167.9276417,167.9276417,0.167927642,sample
36,"Trawl net: 18 cm high, 333 Œºm mesh size.",18,333,5000,"Ottawa River basin, Canada",River,NA,NA,NA,50,NA,NA,NA,Vermaire et al. (2017),333,5000,40.36722156,NA,NA,2018.361078,2018.361078,2018.361078,2.018361078,sample
37,"Trawl net: 18 cm high, 333 Œºm mesh size.",18,333,5000,"Ottawa River basin, Canada",River,NA,NA,NA,110,NA,NA,NA,Vermaire et al. (2017),333,5000,40.36722156,NA,NA,4440.394371,4440.394371,4440.394371,4.440394371,sample
38,"Trawl net: 18 cm high, 333 Œºm mesh size.",18,333,5000,"Ottawa River basin, Canada",River,NA,NA,NA,90,NA,NA,NA,Vermaire et al. (2017),333,5000,40.36722156,NA,NA,3633.04994,3633.04994,3633.04994,3.63304994,sample
39,"Bottles: 0.5 m depth, 100 L filtered at 100 Œºm.",NA,100,5000,"Ottawa River basin, Canada",River,NA,NA,NA,90,NA,NA,NA,Vermaire et al. (2017),100,5000,17.41918476,NA,NA,1567.726629,1567.726629,1567.726629,1.567726629,sample
40,"Bottles: 0.5 m depth, 100 L filtered at 100 Œºm.",NA,100,5000,"Ottawa River basin, Canada",River,NA,NA,NA,110,NA,NA,NA,Vermaire et al. (2017),100,5000,17.41918476,NA,NA,1916.110324,1916.110324,1916.110324,1.916110324,sample
41,"Bottles: 0.5 m depth, 100 L filtered at 100 Œºm.",NA,100,5000,"Ottawa River basin, Canada",River,NA,NA,NA,70,NA,NA,NA,Vermaire et al. (2017),100,5000,17.41918476,NA,NA,1219.342933,1219.342933,1219.342933,1.219342933,sample
42,Teflon pump (0-20 cm deep); 50 Œºm stainless steel sieve.,NA,50,5000,"Bei Lake, China",Lake,NA,7800,8930,NA,10100,NA,Triangular: min-mean-max,Wang et al. (2017),50,5000,11.09323564,NA,99062.59428,NA,NA,99062.59428,99.06259428,sample
43,Teflon pump (0-20 cm deep); 50 Œºm stainless steel sieve.,NA,50,5000,"Beitaizi Lake, China",Lake,NA,3400,3830,NA,4250,NA,Triangular: min-mean-max,Wang et al. (2017),50,5000,11.09323564,NA,42487.09251,NA,NA,42487.09251,42.48709251,sample
44,Teflon pump (0-20 cm deep); 50 Œºm stainless steel sieve.,NA,50,5000,"Dong Lake, China",Lake,NA,3360,5910,NA,7640,NA,Triangular: min-mean-max,Wang et al. (2017),50,5000,11.09323564,NA,65561.02264,NA,NA,65561.02264,65.56102264,sample
45,Teflon pump (0-20 cm deep); 50 Œºm stainless steel sieve.,NA,50,5000,"Houguan Lake, China",Lake,NA,2300,3840,NA,4900,NA,Triangular: min-mean-max,Wang et al. (2017),50,5000,11.09323564,NA,42598.02486,NA,NA,42598.02486,42.59802486,sample
46,Teflon pump (0-20 cm deep); 50 Œºm stainless steel sieve.,NA,50,5000,"Hou Lake, China",Lake,NA,1440,3050,NA,4980,NA,Triangular: min-mean-max,Wang et al. (2017),50,5000,11.09323564,NA,33834.36871,NA,NA,33834.36871,33.83436871,sample
47,Teflon pump (0-20 cm deep); 50 Œºm stainless steel sieve.,NA,50,5000,"Huangjia Lake, China",Lake,NA,2950,3650,NA,4250,NA,Triangular: min-mean-max,Wang et al. (2017),50,5000,11.09323564,NA,40490.31009,NA,NA,40490.31009,40.49031009,sample
48,Teflon pump (0-20 cm deep); 50 Œºm stainless steel sieve.,NA,50,5000,"Huanzi Lake, China",Lake,NA,7850,8550,NA,9250,NA,Triangular: min-mean-max,Wang et al. (2017),50,5000,11.09323564,NA,94847.16474,NA,NA,94847.16474,94.84716474,sample
49,Teflon pump (0-20 cm deep); 50 Œºm stainless steel sieve.,NA,50,5000,"Jinyin Lake, China",Lake,NA,2050,4600,NA,6300,NA,Triangular: min-mean-max,Wang et al. (2017),50,5000,11.09323564,NA,51028.88395,NA,NA,51028.88395,51.02888395,sample
50,Teflon pump (0-20 cm deep); 50 Œºm stainless steel sieve.,NA,50,5000,"Longyang Lake, China",Lake,NA,4350,5280,NA,5800,NA,Triangular: min-mean-max,Wang et al. (2017),50,5000,11.09323564,NA,58572.28419,NA,NA,58572.28419,58.57228419,sample
51,Teflon pump (0-20 cm deep); 50 Œºm stainless steel sieve.,NA,50,5000,"Moshui Lake, China",Lake,NA,4620,5660,NA,5720,NA,Triangular: min-mean-max,Wang et al. (2017),50,5000,11.09323564,NA,62787.71373,NA,NA,62787.71373,62.78771373,sample
52,Teflon pump (0-20 cm deep); 50 Œºm stainless steel sieve.,NA,50,5000,"Nan Lake, China",Lake,NA,4900,5750,NA,6960,NA,Triangular: min-mean-max,Wang et al. (2017),50,5000,11.09323564,NA,63786.10494,NA,NA,63786.10494,63.78610494,sample
53,Teflon pump (0-20 cm deep); 50 Œºm stainless steel sieve.,NA,50,5000,"Nantaizi Lake, China",Lake,NA,5500,6160,NA,6750,NA,Triangular: min-mean-max,Wang et al. (2017),50,5000,11.09323564,NA,68334.33155,NA,NA,68334.33155,68.33433155,sample
54,Teflon pump (0-20 cm deep); 50 Œºm stainless steel sieve.,NA,50,5000,"Sha Lake, China",Lake,NA,5780,6390,NA,7000,NA,Triangular: min-mean-max,Wang et al. (2017),50,5000,11.09323564,NA,70885.77575,NA,NA,70885.77575,70.88577575,sample
55,Teflon pump (0-20 cm deep); 50 Œºm stainless steel sieve.,NA,50,5000,"Sanjiao Lake, China",Lake,NA,2400,3950,NA,5800,NA,Triangular: min-mean-max,Wang et al. (2017),50,5000,11.09323564,NA,43818.28078,NA,NA,43818.28078,43.81828078,sample
56,Teflon pump (0-20 cm deep); 50 Œºm stainless steel sieve.,NA,50,5000,"Tangxun Lake, China",Lake,NA,2480,3340,NA,4400,NA,Triangular: min-mean-max,Wang et al. (2017),50,5000,11.09323564,NA,37051.40704,NA,NA,37051.40704,37.05140704,sample
57,Teflon pump (0-20 cm deep); 50 Œºm stainless steel sieve.,NA,50,5000,"Tazi Lake, China",Lake,NA,5250,6180,NA,7100,NA,Triangular: min-mean-max,Wang et al. (2017),50,5000,11.09323564,NA,68556.19627,NA,NA,68556.19627,68.55619627,sample
58,Teflon pump (0-20 cm deep); 50 Œºm stainless steel sieve.,NA,50,5000,"Wu Lake, China",Lake,NA,1160,1660,NA,2380,NA,Triangular: min-mean-max,Wang et al. (2017),50,5000,11.09323564,NA,18414.77117,NA,NA,18414.77117,18.41477117,sample
59,Teflon pump (0-20 cm deep); 50 Œºm stainless steel sieve.,NA,50,5000,"Yandong Lake, China",Lake,NA,2280,2550,NA,3130,NA,Triangular: min-mean-max,Wang et al. (2017),50,5000,11.09323564,NA,28287.75089,NA,NA,28287.75089,28.28775089,sample
60,Teflon pump (0-20 cm deep); 50 Œºm stainless steel sieve.,NA,50,5000,"Yanxi Lake, China",Lake,NA,1600,2400,NA,3250,NA,Triangular: min-mean-max,Wang et al. (2017),50,5000,11.09323564,NA,26623.76554,NA,NA,26623.76554,26.62376554,sample
61,Teflon pump (0-20 cm deep); 50 Œºm stainless steel sieve.,NA,50,5000,"Zhushan Lake, China",Lake,NA,2450,2520,NA,2650,NA,Triangular: min-mean-max,Wang et al. (2017),50,5000,11.09323564,NA,27954.95382,NA,NA,27954.95382,27.95495382,sample
62,Teflon pump (0-20 cm deep); 50 Œºm stainless steel sieve.,NA,50,5000,"Yangtze River, China",River,NA,1450,2520,NA,4000,NA,Triangular: min-mean-max,Wang et al. (2017),50,5000,11.09323564,NA,27954.95382,NA,NA,27954.95382,27.95495382,sample
63,Teflon pump (0-20 cm deep); 50 Œºm stainless steel sieve.,NA,50,5000,"Hanjiang River, China",River,NA,2600,2930,NA,3200,NA,Triangular: min-mean-max,Wang et al. (2017),50,5000,11.09323564,NA,32503.18043,NA,NA,32503.18043,32.50318043,sample
64,"Trawl net: 50 cm high, 112 Œºm mesh size.",50,112,5000,"Yangtze River and tributaries, China",River,0.385,NA,NA,NA,NA,NA,NA,Zhang et al. (2015),112,5000,18.78460996,7.232074836,NA,NA,7.232074836,7.232074836,0.007232075,sample
65,"Trawl net: 50 cm high, 112 Œºm mesh size.",50,112,5000,"Yangtze River and tributaries, China",River,1.6,NA,NA,NA,NA,NA,NA,Zhang et al. (2015),112,5000,18.78460996,30.05537594,NA,NA,30.05537594,30.05537594,0.030055376,sample
66,"Trawl net: 50 cm high, 112 Œºm mesh size.",50,112,5000,"Yangtze River and tributaries, China",River,4.7,NA,NA,NA,NA,NA,NA,Zhang et al. (2015),112,5000,18.78460996,88.28766683,NA,NA,88.28766683,88.28766683,0.088287667,sample
67,"Trawl net: 50 cm high, 112 Œºm mesh size.",50,112,5000,"Yangtze River and tributaries, China",River,6.82,NA,NA,NA,NA,NA,NA,Zhang et al. (2015),112,5000,18.78460996,128.11104,NA,NA,128.11104,128.11104,0.12811104,sample
68,"Trawl net: 50 cm high, 112 Œºm mesh size.",50,112,5000,"Yangtze River and tributaries, China",River,9.36,NA,NA,NA,NA,NA,NA,Zhang et al. (2015),112,5000,18.78460996,175.8239493,NA,NA,175.8239493,175.8239493,0.175823949,sample
69,"Trawl net: 50 cm high, 112 Œºm mesh size.",50,112,5000,"Yangtze River and tributaries, China",River,17.1,NA,NA,NA,NA,NA,NA,Zhang et al. (2015),112,5000,18.78460996,321.2168304,NA,NA,321.2168304,321.2168304,0.32121683,sample
70,"Trawl net: 50 cm high, 112 Œºm mesh size.",50,112,5000,"Yangtze River and tributaries, China",River,23.8,NA,NA,NA,NA,NA,NA,Zhang et al. (2015),112,5000,18.78460996,447.0737172,NA,NA,447.0737172,447.0737172,0.447073717,sample
71,"Trawl net: 50 cm high, 112 Œºm mesh size.",50,112,5000,"Yangtze River and tributaries, China",River,24.2,NA,NA,NA,NA,NA,NA,Zhang et al. (2015),112,5000,18.78460996,454.5875611,NA,NA,454.5875611,454.5875611,0.454587561,sample
72,"Trawl net: 50 cm high, 112 Œºm mesh size.",50,112,5000,"Yangtze River and tributaries, China",River,27.2,NA,NA,NA,NA,NA,NA,Zhang et al. (2015),112,5000,18.78460996,510.941391,NA,NA,510.941391,510.941391,0.510941391,sample
73,"Trawl net: 50 cm high, 112 Œºm mesh size.",50,112,5000,"Xixiang Bay, the Three Gorges Reservoir, Chongqing, China",Estuary?,0.11,NA,NA,NA,NA,NA,NA,Zhang et al. (2017),112,5000,18.78460996,2.066307096,NA,NA,2.066307096,2.066307096,0.002066307,sample
74,"Trawl net: 50 cm high, 112 Œºm mesh size.",50,112,5000,"Xixiang Bay, the Three Gorges Reservoir, Chongqing, China",Estuary?,0.156,NA,NA,NA,NA,NA,NA,Zhang et al. (2017),112,5000,18.78460996,2.930399154,NA,NA,2.930399154,2.930399154,0.002930399,sample
75,"Trawl net: 50 cm high, 112 Œºm mesh size.",50,112,5000,"Xixiang Bay, the Three Gorges Reservoir, Chongqing, China",Estuary?,0.22,NA,NA,NA,NA,NA,NA,Zhang et al. (2017),112,5000,18.78460996,4.132614192,NA,NA,4.132614192,4.132614192,0.004132614,sample
76,"Trawl net: 50 cm high, 112 Œºm mesh size.",50,112,5000,"Xixiang Bay, the Three Gorges Reservoir, Chongqing, China",Estuary?,0.276,NA,NA,NA,NA,NA,NA,Zhang et al. (2017),112,5000,18.78460996,5.18455235,NA,NA,5.18455235,5.18455235,0.005184552,sample
77,"Trawl net: 50 cm high, 112 Œºm mesh size.",50,112,5000,"Xixiang Bay, the Three Gorges Reservoir, Chongqing, China",Estuary?,0.28,NA,NA,NA,NA,NA,NA,Zhang et al. (2017),112,5000,18.78460996,5.25969079,NA,NA,5.25969079,5.25969079,0.005259691,sample
78,"Trawl net: 50 cm high, 112 Œºm mesh size.",50,112,5000,"Xixiang Bay, the Three Gorges Reservoir, Chongqing, China",Estuary?,0.314,NA,NA,NA,NA,NA,NA,Zhang et al. (2017),112,5000,18.78460996,5.898367529,NA,NA,5.898367529,5.898367529,0.005898368,sample
79,"Trawl net: 50 cm high, 112 Œºm mesh size.",50,112,5000,"Xixiang Bay, the Three Gorges Reservoir, Chongqing, China",Estuary?,0.482,NA,NA,NA,NA,NA,NA,Zhang et al. (2017),112,5000,18.78460996,9.054182003,NA,NA,9.054182003,9.054182003,0.009054182,sample
80,"Trawl net: 50 cm high, 112 Œºm mesh size.",50,112,5000,"Xixiang Bay, the Three Gorges Reservoir, Chongqing, China",Estuary?,0.506,NA,NA,NA,NA,NA,NA,Zhang et al. (2017),112,5000,18.78460996,9.505012642,NA,NA,9.505012642,9.505012642,0.009505013,sample
81,"Trawl net: 50 cm high, 112 Œºm mesh size.",50,112,5000,"Xixiang Bay, the Three Gorges Reservoir, Chongqing, China",Estuary?,0.56,NA,NA,NA,NA,NA,NA,Zhang et al. (2017),112,5000,18.78460996,10.51938158,NA,NA,10.51938158,10.51938158,0.010519382,sample
82,"Trawl net: 50 cm high, 112 Œºm mesh size.",50,112,5000,"Xixiang Bay, the Three Gorges Reservoir, Chongqing, China",Estuary?,0.56,NA,NA,NA,NA,NA,NA,Zhang et al. (2017),112,5000,18.78460996,10.51938158,NA,NA,10.51938158,10.51938158,0.010519382,sample
83,"Trawl net: 50 cm high, 112 Œºm mesh size.",50,112,5000,"Xixiang Bay, the Three Gorges Reservoir, Chongqing, China",Estuary?,0.66,NA,NA,NA,NA,NA,NA,Zhang et al. (2017),112,5000,18.78460996,12.39784258,NA,NA,12.39784258,12.39784258,0.012397843,sample
84,"Trawl net: 50 cm high, 112 Œºm mesh size.",50,112,5000,"Xixiang Bay, the Three Gorges Reservoir, Chongqing, China",Estuary?,0.74,NA,NA,NA,NA,NA,NA,Zhang et al. (2017),112,5000,18.78460996,13.90061137,NA,NA,13.90061137,13.90061137,0.013900611,sample
85,"Trawl net: 50 cm high, 112 Œºm mesh size.",50,112,5000,"Xixiang Bay, the Three Gorges Reservoir, Chongqing, China",Estuary?,0.86,NA,NA,NA,NA,NA,NA,Zhang et al. (2017),112,5000,18.78460996,16.15476457,NA,NA,16.15476457,16.15476457,0.016154765,sample
86,"Trawl net: 50 cm high, 112 Œºm mesh size.",50,112,5000,"Xixiang Bay, the Three Gorges Reservoir, Chongqing, China",Estuary?,0.954,NA,NA,NA,NA,NA,NA,Zhang et al. (2017),112,5000,18.78460996,17.92051791,NA,NA,17.92051791,17.92051791,0.017920518,sample
87,"Trawl net: 50 cm high, 112 Œºm mesh size.",50,112,5000,"Xixiang Bay, the Three Gorges Reservoir, Chongqing, China",Estuary?,1.06,NA,NA,NA,NA,NA,NA,Zhang et al. (2017),112,5000,18.78460996,19.91168656,NA,NA,19.91168656,19.91168656,0.019911687,sample
88,"Trawl net: 50 cm high, 112 Œºm mesh size.",50,112,5000,"Xixiang Bay, the Three Gorges Reservoir, Chongqing, China",Estuary?,1.37,NA,NA,NA,NA,NA,NA,Zhang et al. (2017),112,5000,18.78460996,25.73491565,NA,NA,25.73491565,25.73491565,0.025734916,sample
89,"Trawl net: 50 cm high, 112 Œºm mesh size.",50,112,5000,"Xixiang Bay, the Three Gorges Reservoir, Chongqing, China",Estuary?,1.38,NA,NA,NA,NA,NA,NA,Zhang et al. (2017),112,5000,18.78460996,25.92276175,NA,NA,25.92276175,25.92276175,0.025922762,sample
90,"Trawl net: 50 cm high, 112 Œºm mesh size.",50,112,5000,"Xixiang Bay, the Three Gorges Reservoir, Chongqing, China",Estuary?,1.7,NA,NA,NA,NA,NA,NA,Zhang et al. (2017),112,5000,18.78460996,31.93383694,NA,NA,31.93383694,31.93383694,0.031933837,sample
91,"Trawl net: 50 cm high, 112 Œºm mesh size.",50,112,5000,"Xixiang Bay, the Three Gorges Reservoir, Chongqing, China",Estuary?,1.76,NA,NA,NA,NA,NA,NA,Zhang et al. (2017),112,5000,18.78460996,33.06091354,NA,NA,33.06091354,33.06091354,0.033060914,sample
92,"Trawl net: 50 cm high, 112 Œºm mesh size.",50,112,5000,"Xixiang Bay, the Three Gorges Reservoir, Chongqing, China",Estuary?,1.98,NA,NA,NA,NA,NA,NA,Zhang et al. (2017),112,5000,18.78460996,37.19352773,NA,NA,37.19352773,37.19352773,0.037193528,sample
93,"Trawl net: 50 cm high, 112 Œºm mesh size.",50,112,5000,"Xixiang Bay, the Three Gorges Reservoir, Chongqing, China",Estuary?,2.04,NA,NA,NA,NA,NA,NA,Zhang et al. (2017),112,5000,18.78460996,38.32060433,NA,NA,38.32060433,38.32060433,0.038320604,sample
94,"Trawl net: 50 cm high, 112 Œºm mesh size.",50,112,5000,"Xixiang Bay, the Three Gorges Reservoir, Chongqing, China",Estuary?,2.06,NA,NA,NA,NA,NA,NA,Zhang et al. (2017),112,5000,18.78460996,38.69629653,NA,NA,38.69629653,38.69629653,0.038696297,sample
95,"Trawl net: 50 cm high, 112 Œºm mesh size.",50,112,5000,"Xixiang Bay, the Three Gorges Reservoir, Chongqing, China",Estuary?,2.89,NA,NA,NA,NA,NA,NA,Zhang et al. (2017),112,5000,18.78460996,54.2875228,NA,NA,54.2875228,54.2875228,0.054287523,sample
96,"Trawl net: 50 cm high, 112 Œºm mesh size.",50,112,5000,"Xixiang Bay, the Three Gorges Reservoir, Chongqing, China",Estuary?,3.17,NA,NA,NA,NA,NA,NA,Zhang et al. (2017),112,5000,18.78460996,59.54721359,NA,NA,59.54721359,59.54721359,0.059547214,sample
97,"Trawl net: 50 cm high, 112 Œºm mesh size.",50,112,5000,"Xixiang Bay, the Three Gorges Reservoir, Chongqing, China",Estuary?,5.18,NA,NA,NA,NA,NA,NA,Zhang et al. (2017),112,5000,18.78460996,97.30427962,NA,NA,97.30427962,97.30427962,0.09730428,sample
98,"Trawl net: 50 cm high, 112 Œºm mesh size.",50,112,5000,"Xixiang Bay, the Three Gorges Reservoir, Chongqing, China",Estuary?,7.46,NA,NA,NA,NA,NA,NA,Zhang et al. (2017),112,5000,18.78460996,140.1331903,NA,NA,140.1331903,140.1331903,0.14013319,sample
99,"Trawl net: 50 cm high, 112 Œºm mesh size.",50,112,5000,"Xixiang Bay, the Three Gorges Reservoir, Chongqing, China",Estuary?,14.3,NA,NA,NA,NA,NA,NA,Zhang et al. (2017),112,5000,18.78460996,268.6199225,NA,NA,268.6199225,268.6199225,0.268619922,sample
100,"Trawl net: 50 cm high, 112 Œºm mesh size.",50,112,5000,"Xixiang Bay, the Three Gorges Reservoir, Chongqing, China",Estuary?,68.4,NA,NA,NA,NA,NA,NA,Zhang et al. (2017),112,5000,18.78460996,1284.867322,NA,NA,1284.867322,1284.867322,1.284867322,sample
101,"25 L collected with a Teflon pump at a depth of 1
m and filtered with a 48 Œºm stainless steel sieve.",NA,48,5000,"Yangtze River, China",River,5930,NA,NA,NA,NA,NA,NA,Di and Wang (2018),48,5000,10.80721747,64086.79958,NA,NA,64086.79958,64086.79958,64.08679958,sample
102,"25 L collected with a Teflon pump at a depth of 1
m and filtered with a 48 Œºm stainless steel sieve.",NA,48,5000,"Yangtze River, China",River,7390,NA,NA,NA,NA,NA,NA,Di and Wang (2018),48,5000,10.80721747,79865.33708,NA,NA,79865.33708,79865.33708,79.86533708,sample
103,"25 L collected with a Teflon pump at a depth of 1
m and filtered with a 48 Œºm stainless steel sieve.",NA,48,5000,"Yangtze River, China",River,3810,NA,NA,NA,NA,NA,NA,Di and Wang (2018),48,5000,10.80721747,41175.49855,NA,NA,41175.49855,41175.49855,41.17549855,sample
104,"25 L collected with a Teflon pump at a depth of 1
m and filtered with a 48 Œºm stainless steel sieve.",NA,48,5000,"Yangtze River, China",River,6500,NA,NA,NA,NA,NA,NA,Di and Wang (2018),48,5000,10.80721747,70246.91354,NA,NA,70246.91354,70246.91354,70.24691354,sample
105,"25 L collected with a Teflon pump at a depth of 1
m and filtered with a 48 Œºm stainless steel sieve.",NA,48,5000,"Yangtze River, China",River,1780,NA,NA,NA,NA,NA,NA,Di and Wang (2018),48,5000,10.80721747,19236.84709,NA,NA,19236.84709,19236.84709,19.23684709,sample
106,"25 L collected with a Teflon pump at a depth of 1
m and filtered with a 48 Œºm stainless steel sieve.",NA,48,5000,"Yangtze River, China",River,7880,NA,NA,NA,NA,NA,NA,Di and Wang (2018),48,5000,10.80721747,85160.87364,NA,NA,85160.87364,85160.87364,85.16087364,sample
107,"25 L collected with a Teflon pump at a depth of 1
m and filtered with a 48 Œºm stainless steel sieve.",NA,48,5000,"Yangtze River, China",River,12600,NA,NA,NA,NA,NA,NA,Di and Wang (2018),48,5000,10.80721747,136170.9401,NA,NA,136170.9401,136170.9401,136.1709401,sample
108,"25 L collected with a Teflon pump at a depth of 1
m and filtered with a 48 Œºm stainless steel sieve.",NA,48,5000,"Yangtze River, China",River,5290,NA,NA,NA,NA,NA,NA,Di and Wang (2018),48,5000,10.80721747,57170.1804,NA,NA,57170.1804,57170.1804,57.1701804,sample
109,"25 L collected with a Teflon pump at a depth of 1
m and filtered with a 48 Œºm stainless steel sieve.",NA,48,5000,"Yangtze River, China",River,4860,NA,NA,NA,NA,NA,NA,Di and Wang (2018),48,5000,10.80721747,52523.07689,NA,NA,52523.07689,52523.07689,52.52307689,sample
110,"25 L collected with a Teflon pump at a depth of 1
m and filtered with a 48 Œºm stainless steel sieve.",NA,48,5000,"Yangtze River, China",River,9780,NA,NA,NA,NA,NA,NA,Di and Wang (2018),48,5000,10.80721747,105694.5868,NA,NA,105694.5868,105694.5868,105.6945868,sample
111,"25 L collected with a Teflon pump at a depth of 1
m and filtered with a 48 Œºm stainless steel sieve.",NA,48,5000,"Yangtze River, China",River,3100,NA,NA,NA,NA,NA,NA,Di and Wang (2018),48,5000,10.80721747,33502.37415,NA,NA,33502.37415,33502.37415,33.50237415,sample
112,"25 L collected with a Teflon pump at a depth of 1
m and filtered with a 48 Œºm stainless steel sieve.",NA,48,5000,"Yangtze River, China",River,2670,NA,NA,NA,NA,NA,NA,Di and Wang (2018),48,5000,10.80721747,28855.27064,NA,NA,28855.27064,28855.27064,28.85527064,sample
113,"25 L collected with a Teflon pump at a depth of 1
m and filtered with a 48 Œºm stainless steel sieve.",NA,48,5000,"Yangtze River, China",River,9810,NA,NA,NA,NA,NA,NA,Di and Wang (2018),48,5000,10.80721747,106018.8034,NA,NA,106018.8034,106018.8034,106.0188034,sample
114,"25 L collected with a Teflon pump at a depth of 1
m and filtered with a 48 Œºm stainless steel sieve.",NA,48,5000,"Yangtze River, China",River,1890,NA,NA,NA,NA,NA,NA,Di and Wang (2018),48,5000,10.80721747,20425.64101,NA,NA,20425.64101,20425.64101,20.42564101,sample
115,"25 L collected with a Teflon pump at a depth of 1
m and filtered with a 48 Œºm stainless steel sieve.",NA,48,5000,"Yangtze River, China",River,2670,NA,NA,NA,NA,NA,NA,Di and Wang (2018),48,5000,10.80721747,28855.27064,NA,NA,28855.27064,28855.27064,28.85527064,sample
116,"25 L collected with a Teflon pump at a depth of 1
m and filtered with a 48 Œºm stainless steel sieve.",NA,48,5000,"Yangtze River, China",River,2500,NA,NA,NA,NA,NA,NA,Di and Wang (2018),48,5000,10.80721747,27018.04367,NA,NA,27018.04367,27018.04367,27.01804367,sample
117,"25 L collected with a Teflon pump at a depth of 1
m and filtered with a 48 Œºm stainless steel sieve.",NA,48,5000,"Yangtze River, China",River,3850,NA,NA,NA,NA,NA,NA,Di and Wang (2018),48,5000,10.80721747,41607.78725,NA,NA,41607.78725,41607.78725,41.60778725,sample
118,"25 L collected with a Teflon pump at a depth of 1
m and filtered with a 48 Œºm stainless steel sieve.",NA,48,5000,"Yangtze River, China",River,4130,NA,NA,NA,NA,NA,NA,Di and Wang (2018),48,5000,10.80721747,44633.80814,NA,NA,44633.80814,44633.80814,44.63380814,sample
119,"25 L collected with a Teflon pump at a depth of 1
m and filtered with a 48 Œºm stainless steel sieve.",NA,48,5000,"Yangtze River, China",River,5280,NA,NA,NA,NA,NA,NA,Di and Wang (2018),48,5000,10.80721747,57062.10823,NA,NA,57062.10823,57062.10823,57.06210823,sample
120,"25 L collected with a Teflon pump at a depth of 1
m and filtered with a 48 Œºm stainless steel sieve.",NA,48,5000,"Yangtze River, China",River,1960,NA,NA,NA,NA,NA,NA,Di and Wang (2018),48,5000,10.80721747,21182.14624,NA,NA,21182.14624,21182.14624,21.18214624,sample
121,"25 L collected with a Teflon pump at a depth of 1
m and filtered with a 48 Œºm stainless steel sieve.",NA,48,5000,"Yangtze River, China",River,1600,NA,NA,NA,NA,NA,NA,Di and Wang (2018),48,5000,10.80721747,17291.54795,NA,NA,17291.54795,17291.54795,17.29154795,sample
122,"25 L collected with a Teflon pump at a depth of 1
m and filtered with a 48 Œºm stainless steel sieve.",NA,48,5000,"Yangtze River, China",River,3640,NA,NA,NA,NA,NA,NA,Di and Wang (2018),48,5000,10.80721747,39338.27158,NA,NA,39338.27158,39338.27158,39.33827158,sample
123,"25 L collected with a Teflon pump at a depth of 1
m and filtered with a 48 Œºm stainless steel sieve.",NA,48,5000,"Yangtze River, China",River,2110,NA,NA,NA,NA,NA,NA,Di and Wang (2018),48,5000,10.80721747,22803.22886,NA,NA,22803.22886,22803.22886,22.80322886,sample
124,"25 L collected with a Teflon pump at a depth of 1
m and filtered with a 48 Œºm stainless steel sieve.",NA,48,5000,"Yangtze River, China",River,4490,NA,NA,NA,NA,NA,NA,Di and Wang (2018),48,5000,10.80721747,48524.40643,NA,NA,48524.40643,48524.40643,48.52440643,sample
125,"25 L collected with a Teflon pump at a depth of 1
m and filtered with a 48 Œºm stainless steel sieve.",NA,48,5000,"Yangtze River, China",River,4710,NA,NA,NA,NA,NA,NA,Di and Wang (2018),48,5000,10.80721747,50901.99427,NA,NA,50901.99427,50901.99427,50.90199427,sample
126,"25 L collected with a Teflon pump at a depth of 1
m and filtered with a 48 Œºm stainless steel sieve.",NA,48,5000,"Yangtze River, China",River,4640,NA,NA,NA,NA,NA,NA,Di and Wang (2018),48,5000,10.80721747,50145.48905,NA,NA,50145.48905,50145.48905,50.14548905,sample
127,"25 L collected with a Teflon pump at a depth of 1
m and filtered with a 48 Œºm stainless steel sieve.",NA,48,5000,"Yangtze River, China",River,2820,NA,NA,NA,NA,NA,NA,Di and Wang (2018),48,5000,10.80721747,30476.35326,NA,NA,30476.35326,30476.35326,30.47635326,sample
128,"25 L collected with a Teflon pump at a depth of 1
m and filtered with a 48 Œºm stainless steel sieve.",NA,48,5000,"Yangtze River, China",River,1860,NA,NA,NA,NA,NA,NA,Di and Wang (2018),48,5000,10.80721747,20101.42449,NA,NA,20101.42449,20101.42449,20.10142449,sample
129,"25 L collected with a Teflon pump at a depth of 1
m and filtered with a 48 Œºm stainless steel sieve.",NA,48,5000,"Yangtze River, China",River,1740,NA,NA,NA,NA,NA,NA,Di and Wang (2018),48,5000,10.80721747,18804.55839,NA,NA,18804.55839,18804.55839,18.80455839,sample
130,"25 L collected with a Teflon pump at a depth of 1
m and filtered with a 48 Œºm stainless steel sieve.",NA,48,5000,"Yangtze River, China",River,7790,NA,NA,NA,NA,NA,NA,Di and Wang (2018),48,5000,10.80721747,84188.22407,NA,NA,84188.22407,84188.22407,84.18822407,sample
131,"Plankton net: 65 cm diameter, 333 Œºm mesh size. Half kept under water. 100 Œºm filtration.",65,333,5000,"Taihu Lake, China",Lake,NA,NA,2,NA,NA,2.63,Normal: mean and SD,Su et al. (2016),333,5000,40.36722156,NA,80.73444312,NA,NA,80.73444312,0.080734443,sample
132,"Plankton net: 65 cm diameter, 333 Œºm mesh size. Half kept under water. 100 Œºm filtration.",65,333,5000,"Taihu Lake, China",Lake,NA,NA,7,NA,NA,5.33,Normal: mean and SD,Su et al. (2016),333,5000,40.36722156,NA,282.5705509,NA,NA,282.5705509,0.282570551,sample
133,"Plankton net: 65 cm diameter, 333 Œºm mesh size. Half kept under water. 100 Œºm filtration.",65,333,5000,"Taihu Lake, China",Lake,NA,NA,16.3,NA,NA,5.67,Normal: mean and SD,Su et al. (2016),333,5000,40.36722156,NA,657.9857114,NA,NA,657.9857114,0.657985711,sample
134,Steel sampler at each site (bottles). 5 Œºm filtration.,NA,5,5000,"Taihu Lake, China",Lake,NA,NA,7200,NA,NA,700,Normal: mean and SD,Su et al. (2016),5,5000,2.652721678,NA,19099.59608,NA,NA,19099.59608,19.09959608,sample
135,Steel sampler at each site (bottles). 5 Œºm filtration.,NA,5,5000,"Taihu Lake, China",Lake,NA,NA,8900,NA,NA,5100,Normal: mean and SD,Su et al. (2016),5,5000,2.652721678,NA,23609.22293,NA,NA,23609.22293,23.60922293,sample
136,Steel sampler at each site (bottles). 5 Œºm filtration.,NA,5,5000,"Taihu Lake, China",Lake,NA,NA,15600,NA,NA,7400,Normal: mean and SD,Su et al. (2016),5,5000,2.652721678,NA,41382.45817,NA,NA,41382.45817,41.38245817,sample
137,Fibres collected from bulk sample; Fragments collected with net of 300 Œºm mesh size. Both were then filtered at 2.7 Œºm.,NA,2.7,5000,"Saigon River, Ho Chi Minh City, Vietnam",River,173000,NA,NA,NA,NA,NA,NA,Lahens et al. (2018),2.7,5000,1.82377689,315513.402,NA,NA,315513.402,315513.402,315.513402,sample
138,Fibres collected from bulk sample; Fragments collected with net of 300 Œºm mesh size. Both were then filtered at 2.7 Œºm.,NA,2.7,5000,"Saigon River, Ho Chi Minh City, Vietnam",River,421000,NA,NA,NA,NA,NA,NA,Lahens et al. (2018),2.7,5000,1.82377689,767810.0707,NA,NA,767810.0707,767810.0707,767.8100707,sample
139,Fibres collected from bulk sample; Fragments collected with net of 300 Œºm mesh size. Both were then filtered at 2.7 Œºm.,NA,2.7,5000,"Saigon River, Ho Chi Minh City, Vietnam",River,285000,NA,NA,NA,NA,NA,NA,Lahens et al. (2018),2.7,5000,1.82377689,519776.4137,NA,NA,519776.4137,519776.4137,519.7764137,sample
140,Fibres collected from bulk sample; Fragments collected with net of 300 Œºm mesh size. Both were then filtered at 2.7 Œºm.,NA,2.7,5000,"Saigon River, Ho Chi Minh City, Vietnam",River,270000,NA,NA,NA,NA,NA,NA,Lahens et al. (2018),2.7,5000,1.82377689,492419.7603,NA,NA,492419.7603,492419.7603,492.4197603,sample
141,Fibres collected from bulk sample; Fragments collected with net of 300 Œºm mesh size. Both were then filtered at 2.7 Œºm.,NA,2.7,5000,"Saigon River, Ho Chi Minh City, Vietnam",River,520000,NA,NA,NA,NA,NA,NA,Lahens et al. (2018),2.7,5000,1.82377689,948363.9828,NA,NA,948363.9828,948363.9828,948.3639828,sample
142,Fibres collected from bulk sample; Fragments collected with net of 300 Œºm mesh size. Both were then filtered at 2.7 Œºm.,NA,2.7,5000,"Saigon River, Ho Chi Minh City, Vietnam",River,468000,NA,NA,NA,NA,NA,NA,Lahens et al. (2018),2.7,5000,1.82377689,853527.5845,NA,NA,853527.5845,853527.5845,853.5275845,sample
143,"Driftnets: 0.5 m diameter, 500 Œºm mesh size.",50,500,5000,"Danube Alluvial Zone National Park, Austria",,NA,0,938,NA,142000,NA,Triangular: min-mean-max,Lechner et al. (2014),500,5000,55.25620218,NA,51830.31764,NA,NA,51830.31764,51.83031764,sample
144,"Driftnets: 0.5 m diameter, 500 Œºm mesh size.",50,500,5000,"Danube Alluvial Zone National Park, Austria",,NA,0,55.1,NA,745,NA,Triangular: min-mean-max,Lechner et al. (2014),500,5000,55.25620218,NA,3044.61674,NA,NA,3044.61674,3.04461674,sample
145,Manta trawl: 330 Œºm mesh size; 0‚Äì0.3 m surface layer.,30,330,5000,"River Seine, France",River,0.28,NA,NA,NA,NA,NA,NA,Dris et al. (2015),330,5000,40.09541674,11.22671669,NA,NA,11.22671669,11.22671669,0.011226717,sample
146,Manta trawl: 330 Œºm mesh size; 0‚Äì0.3 m surface layer.,30,330,5000,"River Seine, France",River,0.29,NA,NA,NA,NA,NA,NA,Dris et al. (2015),330,5000,40.09541674,11.62767085,NA,NA,11.62767085,11.62767085,0.011627671,sample
147,Manta trawl: 330 Œºm mesh size; 0‚Äì0.3 m surface layer.,30,330,5000,"River Seine, France",River,0.47,NA,NA,NA,NA,NA,NA,Dris et al. (2015),330,5000,40.09541674,18.84484587,NA,NA,18.84484587,18.84484587,0.018844846,sample
148,Plankton net: 80 Œºm mesh size. 0.1-0.35 m surface layer.,35,80,5000,"River Marne, France",River,5,NA,NA,NA,NA,NA,NA,Dris et al. (2015),80,5000,15.03711814,75.18559069,NA,NA,75.18559069,75.18559069,0.075185591,sample
149,Plankton net: 80 Œºm mesh size. 0.1-0.35 m surface layer.,35,80,5000,"River Marne, France",River,108,NA,NA,NA,NA,NA,NA,Dris et al. (2015),80,5000,15.03711814,1624.008759,NA,NA,1624.008759,1624.008759,1.624008759,sample
150,Plankton net: 80 Œºm mesh size. 0.1-0.35 m surface layer.,35,80,5000,"River Seine, France",River,3,NA,NA,NA,NA,NA,NA,Dris et al. (2015),80,5000,15.03711814,45.11135441,NA,NA,45.11135441,45.11135441,0.045111354,sample
151,Plankton net: 80 Œºm mesh size. 0.1-0.35 m surface layer.,35,80,5000,"River Seine, France",River,13,NA,NA,NA,NA,NA,NA,Dris et al. (2015),80,5000,15.03711814,195.4825358,NA,NA,195.4825358,195.4825358,0.195482536,sample
152,Plankton net: 80 Œºm mesh size. 0.1-0.35 m surface layer.,35,80,5000,"River Seine, France",River,36,NA,NA,NA,NA,NA,NA,Dris et al. (2015),80,5000,15.03711814,541.3362529,NA,NA,541.3362529,541.3362529,0.541336253,sample
153,Plankton net: 80 Œºm mesh size. 0.1-0.35 m surface layer.,35,80,5000,"River Seine, France",River,70,NA,NA,NA,NA,NA,NA,Dris et al. (2015),80,5000,15.03711814,1052.59827,NA,NA,1052.59827,1052.59827,1.05259827,sample
154,Plankton net: 80 Œºm mesh size. 0.1-0.35 m surface layer.,35,80,5000,"River Seine, France",River,5,NA,NA,NA,NA,NA,NA,Dris et al. (2015),80,5000,15.03711814,75.18559069,NA,NA,75.18559069,75.18559069,0.075185591,sample
155,Plankton net: 80 Œºm mesh size. 0.1-0.35 m surface layer.,35,80,5000,"River Seine, France",River,34,NA,NA,NA,NA,NA,NA,Dris et al. (2015),80,5000,15.03711814,511.2620167,NA,NA,511.2620167,511.2620167,0.511262017,sample
156,Plankton net: 80 Œºm mesh size. 0.1-0.35 m surface layer.,35,80,5000,"River Seine, France",River,13,NA,NA,NA,NA,NA,NA,Dris et al. (2015),80,5000,15.03711814,195.4825358,NA,NA,195.4825358,195.4825358,0.195482536,sample
157,Plankton net: 80 Œºm mesh size. 0.1-0.35 m surface layer.,35,80,5000,"River Seine, France",River,8,NA,NA,NA,NA,NA,NA,Dris et al. (2015),80,5000,15.03711814,120.2969451,NA,NA,120.2969451,120.2969451,0.120296945,sample
158,Plankton net: 80 Œºm mesh size. 0.1-0.35 m surface layer.,35,80,5000,"River Seine, France",River,NA,161,220,NA,251,NA,Triangular: min-mean-max,Dris et al. (2015),80,5000,15.03711814,NA,3308.16599,NA,NA,3308.16599,3.30816599,sample
159,Plankton net: 80 Œºm mesh size. 0.1-0.35 m surface layer.,35,80,5000,"River Seine, France",River,NA,118,132,NA,157,NA,Triangular: min-mean-max,Dris et al. (2015),80,5000,15.03711814,NA,1984.899594,NA,NA,1984.899594,1.984899594,sample
160,Plankton net: 80 Œºm mesh size. 0.1-0.35 m surface layer.,35,80,5000,"River Seine, France",River,NA,168,217,NA,254,NA,Triangular: min-mean-max,Dris et al. (2015),80,5000,15.03711814,NA,3263.054636,NA,NA,3263.054636,3.263054636,sample
161,Plankton net: 80 Œºm mesh size. 0.1-0.35 m surface layer.,35,80,5000,"River Seine, France",River,NA,6.58,9.79,NA,12.7,NA,Triangular: min-mean-max,Dris et al. (2015),80,5000,15.03711814,NA,147.2133866,NA,NA,147.2133866,0.147213387,sample
162,Plankton net: 80 Œºm mesh size. 0.1-0.35 m surface layer.,35,80,5000,"River Seine, France",River,NA,10.5,15.9,NA,22.8,NA,Triangular: min-mean-max,Dris et al. (2015),80,5000,15.03711814,NA,239.0901784,NA,NA,239.0901784,0.239090178,sample
163,Plankton net: 80 Œºm mesh size. 0.1-0.35 m surface layer.,35,80,5000,"River Seine, France",River,NA,16.2,41.2,NA,91.2,NA,Triangular: min-mean-max,Dris et al. (2015),80,5000,15.03711814,NA,619.5292673,NA,NA,619.5292673,0.619529267,sample
164,"Manta trawl: 18.5 cm high, 300 Œºm mesh size.",18.5,300,5000,"Lake Chiusi, Italy",Lake,2.68,NA,NA,NA,NA,NA,NA,Fischer et al. (2016),300,5000,37.36137414,100.1284827,NA,NA,100.1284827,100.1284827,0.100128483,sample
165,"Manta trawl: 18.5 cm high, 300 Œºm mesh size.",18.5,300,5000,"Lake Chiusi, Italy",Lake,3.36,NA,NA,NA,NA,NA,NA,Fischer et al. (2016),300,5000,37.36137414,125.5342171,NA,NA,125.5342171,125.5342171,0.125534217,sample
166,"Manta trawl: 18.5 cm high, 300 Œºm mesh size.",18.5,300,5000,"Lake Bolsena, Italy",Lake,2.42,NA,NA,NA,NA,NA,NA,Fischer et al. (2016),300,5000,37.36137414,90.41452541,NA,NA,90.41452541,90.41452541,0.090414525,sample
167,"Manta trawl: 18.5 cm high, 300 Œºm mesh size.",18.5,300,5000,"Lake Bolsena, Italy",Lake,4.29,NA,NA,NA,NA,NA,NA,Fischer et al. (2016),300,5000,37.36137414,160.280295,NA,NA,160.280295,160.280295,0.160280295,sample
168,"Manta trawl: 18.5 cm high, 300 Œºm mesh size.",18.5,300,5000,"Lake Bolsena, Italy",Lake,1.24,NA,NA,NA,NA,NA,NA,Fischer et al. (2016),300,5000,37.36137414,46.32810393,NA,NA,46.32810393,46.32810393,0.046328104,sample
169,"Manta trawl: 18.5 cm high, 300 Œºm mesh size.",18.5,300,5000,"Lake Bolsena, Italy",Lake,0.82,NA,NA,NA,NA,NA,NA,Fischer et al. (2016),300,5000,37.36137414,30.63632679,NA,NA,30.63632679,30.63632679,0.030636327,sample
170,"Manta trawl: 20 cm high, 300 Œºm mesh size.",20,300,5000,"Lake Maggiore, Italy",Lake,NA,NA,0.225,NA,NA,0.065,Normal: mean and SD,Sighicelli et al. (2018),300,5000,37.36137414,NA,8.406309181,NA,NA,8.406309181,0.008406309,sample
171,"Manta trawl: 20 cm high, 300 Œºm mesh size.",20,300,5000,"Lake Maggiore, Italy",Lake,NA,NA,0.205,NA,NA,0.16,Normal: mean and SD,Sighicelli et al. (2018),300,5000,37.36137414,NA,7.659081698,NA,NA,7.659081698,0.007659082,sample
172,"Manta trawl: 20 cm high, 300 Œºm mesh size.",20,300,5000,"Lake Maggiore, Italy",Lake,NA,NA,0.145,NA,NA,0.085,Normal: mean and SD,Sighicelli et al. (2018),300,5000,37.36137414,NA,5.41739925,NA,NA,5.41739925,0.005417399,sample
173,"Manta trawl: 20 cm high, 300 Œºm mesh size.",20,300,5000,"Lake Garda, Italy",Lake,NA,NA,0.275,NA,NA,0.145,Normal: mean and SD,Sighicelli et al. (2018),300,5000,37.36137414,NA,10.27437789,NA,NA,10.27437789,0.010274378,sample
174,"Manta trawl: 20 cm high, 300 Œºm mesh size.",20,300,5000,"Lake Garda, Italy",Lake,NA,NA,0.02,NA,NA,0.0135,Normal: mean and SD,Sighicelli et al. (2018),300,5000,37.36137414,NA,0.747227483,NA,NA,0.747227483,0.000747227,sample
175,"Manta trawl: 20 cm high, 300 Œºm mesh size.",20,300,5000,"Lake Garda, Italy",Lake,NA,NA,0.08,NA,NA,0.065,Normal: mean and SD,Sighicelli et al. (2018),300,5000,37.36137414,NA,2.988909931,NA,NA,2.988909931,0.00298891,sample
176,"Manta trawl: 20 cm high, 300 Œºm mesh size.",20,300,5000,"Lake Iseo, Italy",Lake,NA,NA,0.285,NA,NA,0.18,Normal: mean and SD,Sighicelli et al. (2018),300,5000,37.36137414,NA,10.64799163,NA,NA,10.64799163,0.010647992,sample
177,"Manta trawl: 20 cm high, 300 Œºm mesh size.",20,300,5000,"Lake Iseo, Italy",Lake,NA,NA,0.075,NA,NA,0.055,Normal: mean and SD,Sighicelli et al. (2018),300,5000,37.36137414,NA,2.80210306,NA,NA,2.80210306,0.002802103,sample
178,"Manta trawl: 20 cm high, 300 Œºm mesh size.",20,300,5000,"Lake Iseo, Italy",Lake,NA,NA,0.25,NA,NA,0.07,Normal: mean and SD,Sighicelli et al. (2018),300,5000,37.36137414,NA,9.340343534,NA,NA,9.340343534,0.009340344,sample
179,"Manta trawl: 18 cm high, 300 Œºm mesh size.",18,300,5000,"Geneva Lake, Switzerland",Lake,NA,NA,1.22,1.22,NA,0.889,Normal: mean and SD,Faure et al. (2015),300,5000,37.36137414,NA,45.58087645,45.58087645,45.58087645,45.58087645,0.045580876,sample
180,"Manta trawl: 18 cm high, 300 Œºm mesh size.",18,300,5000,"Geneva Lake, Switzerland",Lake,NA,NA,0.183,0.0778,NA,0.256,Normal: mean and SD,Faure et al. (2015),300,5000,37.36137414,NA,6.837131467,2.906714908,2.906714908,2.906714908,0.002906715,sample
181,"Manta trawl: 18 cm high, 300 Œºm mesh size.",18,300,5000,"Constance Lake, Switzerland",Lake,NA,NA,0.339,0.35,NA,0.0667,Normal: mean and SD,Faure et al. (2015),300,5000,37.36137414,NA,12.66550583,13.07648095,13.07648095,13.07648095,0.013076481,sample
182,"Manta trawl: 18 cm high, 300 Œºm mesh size.",18,300,5000,"Neuch√¢tel Lake, Switzerland",Lake,NA,NA,0.339,0.344,NA,0.133,Normal: mean and SD,Faure et al. (2015),300,5000,37.36137414,NA,12.66550583,12.8523127,12.8523127,12.8523127,0.012852313,sample
183,"Manta trawl: 18 cm high, 300 Œºm mesh size.",18,300,5000,"Maggiore Lake, Switzerland",Lake,NA,NA,1.22,1.22,NA,0.833,Normal: mean and SD,Faure et al. (2015),300,5000,37.36137414,NA,45.58087645,45.58087645,45.58087645,45.58087645,0.045580876,sample
184,"Manta trawl: 18 cm high, 300 Œºm mesh size.",18,300,5000,"Zurich Lake, Switzerland",Lake,NA,NA,0.0611,0.0544,NA,0.0144,Normal: mean and SD,Faure et al. (2015),300,5000,37.36137414,NA,2.28277996,2.032458753,2.032458753,2.032458753,0.002032459,sample
185,"Manta trawl: 18 cm high, 300 Œºm mesh size.",18,300,5000,"Brienz Lake, Switzerland",Lake,NA,NA,0.2,0.167,NA,0.128,Normal: mean and SD,Faure et al. (2015),300,5000,37.36137414,NA,7.472274827,6.239349481,6.239349481,6.239349481,0.006239349,sample
186,"Manta trawl: 18 cm high, 300 Œºm mesh size.",18,300,5000,"Rh√¥ne River, Switzerland",River,NA,NA,2.3,2.4,NA,0.53,Normal: mean and SD,Faure et al. (2015),300,5000,37.36137414,NA,85.93116051,89.66729793,89.66729793,89.66729793,0.089667298,sample
187,"Manta trawl: 18 cm high, 300 Œºm mesh size.",18,300,5000,"Aubonne River, Switzerland",River,NA,NA,0.1,0.1,NA,0.042,Normal: mean and SD,Faure et al. (2015),300,5000,37.36137414,NA,3.736137414,3.736137414,3.736137414,3.736137414,0.003736137,sample
188,"Manta trawl: 18 cm high, 300 Œºm mesh size.",18,300,5000,"Venoge River, Switzerland",River,NA,NA,6.5,4,NA,5.3,Normal: mean and SD,Faure et al. (2015),300,5000,37.36137414,NA,242.8489319,149.4454965,149.4454965,149.4454965,0.149445497,sample
189,"Manta trawl: 18 cm high, 300 Œºm mesh size.",18,300,5000,"Venoge River, Switzerland",River,NA,NA,64,NA,NA,35,Normal: mean and SD,Faure et al. (2015),300,5000,37.36137414,NA,2391.127945,NA,NA,2391.127945,2.391127945,sample
190,"Manta trawl: 18 cm high, 300 Œºm mesh size.",18,300,5000,"Vuach√®re River, Switzerland",River,NA,NA,4.4,NA,NA,1.3,Normal: mean and SD,Faure et al. (2015),300,5000,37.36137414,NA,164.3900462,NA,NA,164.3900462,0.164390046,sample
191,"Manta trawl: 18 cm high, 300 Œºm mesh size.",18,300,5000,"Rh√¥ne River, Switzerland",River,NA,NA,0.13,0.12,NA,0.076,Normal: mean and SD,Faure et al. (2015),300,5000,37.36137414,NA,4.856978638,4.483364896,4.483364896,4.483364896,0.004483365,sample
192,"Manta trawl: 18 cm high, 300 Œºm mesh size.",18,300,5000,"Rh√¥ne River, Switzerland",River,NA,NA,0.29,0.25,NA,0.08,Normal: mean and SD,Faure et al. (2015),300,5000,37.36137414,NA,10.8347985,9.340343534,9.340343534,9.340343534,0.009340344,sample
193,"Manta net: 18 cm high, 300 Œºm mesh size.",18,300,5000,"Rhine River, Switzerland",River,1.33,NA,1.33,0.403,NA,1.7,Normal: mean and SD,Mani et al. (2015),300,5000,37.36137414,49.6906276,49.6906276,15.05663378,49.6906276,49.6906276,0.049690628,sample
194,"Manta net: 18 cm high, 300 Œºm mesh size.",18,300,5000,"Rhine River, France/Germany",River,1.52,NA,1.52,0.826,NA,1.23,Normal: mean and SD,Mani et al. (2015),300,5000,37.36137414,56.78928869,56.78928869,30.86049504,56.78928869,56.78928869,0.056789289,sample
195,"Manta net: 18 cm high, 300 Œºm mesh size.",18,300,5000,"Rhine River, France",River,0.807,NA,0.807,0.62,NA,0.423,Normal: mean and SD,Mani et al. (2015),300,5000,37.36137414,30.15062893,30.15062893,23.16405196,30.15062893,30.15062893,0.030150629,sample
196,"Manta net: 18 cm high, 300 Œºm mesh size.",18,300,5000,"Rhine River, Germany",River,0.853,NA,0.853,0.899,NA,0.291,Normal: mean and SD,Mani et al. (2015),300,5000,37.36137414,31.86925214,31.86925214,33.58787535,31.86925214,31.86925214,0.031869252,sample
197,"Manta net: 18 cm high, 300 Œºm mesh size.",18,300,5000,"Rhine River, Germany",River,3.27,NA,3.27,3.12,NA,1.36,Normal: mean and SD,Mani et al. (2015),300,5000,37.36137414,122.1716934,122.1716934,116.5674873,122.1716934,122.1716934,0.122171693,sample
198,"Manta net: 18 cm high, 300 Œºm mesh size.",18,300,5000,"Rhine River, Germany",River,3.77,NA,3.77,3.77,NA,3.13,Normal: mean and SD,Mani et al. (2015),300,5000,37.36137414,140.8523805,140.8523805,140.8523805,140.8523805,140.8523805,0.14085238,sample
199,"Manta net: 18 cm high, 300 Œºm mesh size.",18,300,5000,"Rhine River, Germany",River,4.8,NA,4.8,3.54,NA,2.44,Normal: mean and SD,Mani et al. (2015),300,5000,37.36137414,179.3345959,179.3345959,132.2592644,179.3345959,179.3345959,0.179334596,sample
200,"Manta net: 18 cm high, 300 Œºm mesh size.",18,300,5000,"Rhine River, Germany",River,13.7,NA,13.7,16.2,NA,5.06,Normal: mean and SD,Mani et al. (2015),300,5000,37.36137414,511.8508257,511.8508257,605.254261,511.8508257,511.8508257,0.511850826,sample
201,"Manta net: 18 cm high, 300 Œºm mesh size.",18,300,5000,"Rhine River, Germany",River,17.1,NA,17.1,14.8,NA,4.14,Normal: mean and SD,Mani et al. (2015),300,5000,37.36137414,638.8794977,638.8794977,552.9483372,638.8794977,638.8794977,0.638879498,sample
202,"Manta net: 18 cm high, 300 Œºm mesh size.",18,300,5000,"Rhine River, The Netherlands",River,5.66,NA,5.66,5.66,NA,5.64,Normal: mean and SD,Mani et al. (2015),300,5000,37.36137414,211.4653776,211.4653776,211.4653776,211.4653776,211.4653776,0.211465378,sample
203,"Manta net: 18 cm high, 300 Œºm mesh size.",18,300,5000,"Rhine River, The Netherlands",River,1.59,NA,1.59,1.51,NA,0.232,Normal: mean and SD,Mani et al. (2015),300,5000,37.36137414,59.40458488,59.40458488,56.41567495,59.40458488,59.40458488,0.059404585,sample
204,"Neuston net: 40 cm high, 333 Œºm mesh size. The net skimmed the upper 20-35 cm of the water.",40,333,5000,"Great Lakes tributaries, USA",River,NA,NA,NA,0.8,1.2,NA,Uniform: median-max,Baldwin et al. (2016),333,5000,40.36722156,NA,NA,32.29377725,32.29377725,32.29377725,0.032293777,sample
205,"Neuston net: 40 cm high, 333 Œºm mesh size. The net skimmed the upper 20-35 cm of the water.",40,333,5000,"Great Lakes tributaries, USA",River,NA,NA,NA,0.9,5.4,NA,Uniform: median-max,Baldwin et al. (2016),333,5000,40.36722156,NA,NA,36.3304994,36.3304994,36.3304994,0.036330499,sample
206,"Neuston net: 40 cm high, 333 Œºm mesh size. The net skimmed the upper 20-35 cm of the water.",40,333,5000,"Great Lakes tributaries, USA",River,NA,NA,NA,3.7,7.7,NA,Uniform: median-max,Baldwin et al. (2016),333,5000,40.36722156,NA,NA,149.3587198,149.3587198,149.3587198,0.14935872,sample
207,"Neuston net: 40 cm high, 333 Œºm mesh size. The net skimmed the upper 20-35 cm of the water.",40,333,5000,"Great Lakes tributaries, USA",River,NA,NA,NA,0.7,1.1,NA,Uniform: median-max,Baldwin et al. (2016),333,5000,40.36722156,NA,NA,28.25705509,28.25705509,28.25705509,0.028257055,sample
208,"Neuston net: 40 cm high, 333 Œºm mesh size. The net skimmed the upper 20-35 cm of the water.",40,333,5000,"Great Lakes tributaries, USA",River,NA,NA,NA,0.6,2.6,NA,Uniform: median-max,Baldwin et al. (2016),333,5000,40.36722156,NA,NA,24.22033293,24.22033293,24.22033293,0.024220333,sample
209,"Neuston net: 40 cm high, 333 Œºm mesh size. The net skimmed the upper 20-35 cm of the water.",40,333,5000,"Great Lakes tributaries, USA",River,NA,NA,NA,5.5,17.3,NA,Uniform: median-max,Baldwin et al. (2016),333,5000,40.36722156,NA,NA,222.0197186,222.0197186,222.0197186,0.222019719,sample
210,"Neuston net: 40 cm high, 333 Œºm mesh size. The net skimmed the upper 20-35 cm of the water.",40,333,5000,"Great Lakes tributaries, USA",River,NA,NA,NA,7.1,13.5,NA,Uniform: median-max,Baldwin et al. (2016),333,5000,40.36722156,NA,NA,286.6072731,286.6072731,286.6072731,0.286607273,sample
211,"Neuston net: 40 cm high, 333 Œºm mesh size. The net skimmed the upper 20-35 cm of the water.",40,333,5000,"Great Lakes tributaries, USA",River,NA,NA,NA,0.3,0.5,NA,Uniform: median-max,Baldwin et al. (2016),333,5000,40.36722156,NA,NA,12.11016647,12.11016647,12.11016647,0.012110166,sample
212,"Neuston net: 40 cm high, 333 Œºm mesh size. The net skimmed the upper 20-35 cm of the water.",40,333,5000,"Great Lakes tributaries, USA",River,NA,NA,NA,1.8,7.3,NA,Uniform: median-max,Baldwin et al. (2016),333,5000,40.36722156,NA,NA,72.6609988,72.6609988,72.6609988,0.072660999,sample
213,"Neuston net: 40 cm high, 333 Œºm mesh size. The net skimmed the upper 20-35 cm of the water.",40,333,5000,"Great Lakes tributaries, USA",River,NA,NA,NA,7,7.4,NA,Uniform: median-max,Baldwin et al. (2016),333,5000,40.36722156,NA,NA,282.5705509,282.5705509,282.5705509,0.282570551,sample
214,"Neuston net: 40 cm high, 333 Œºm mesh size. The net skimmed the upper 20-35 cm of the water.",40,333,5000,"Great Lakes tributaries, USA",River,NA,NA,NA,1.5,3.8,NA,Uniform: median-max,Baldwin et al. (2016),333,5000,40.36722156,NA,NA,60.55083234,60.55083234,60.55083234,0.060550832,sample
215,"Neuston net: 40 cm high, 333 Œºm mesh size. The net skimmed the upper 20-35 cm of the water.",40,333,5000,"Great Lakes tributaries, USA",River,NA,NA,NA,3.4,7.5,NA,Uniform: median-max,Baldwin et al. (2016),333,5000,40.36722156,NA,NA,137.2485533,137.2485533,137.2485533,0.137248553,sample
216,"Neuston net: 40 cm high, 333 Œºm mesh size. The net skimmed the upper 20-35 cm of the water.",40,333,5000,"Great Lakes tributaries, USA",River,NA,NA,NA,4,9.7,NA,Uniform: median-max,Baldwin et al. (2016),333,5000,40.36722156,NA,NA,161.4688862,161.4688862,161.4688862,0.161468886,sample
217,"Neuston net: 40 cm high, 333 Œºm mesh size. The net skimmed the upper 20-35 cm of the water.",40,333,5000,"Great Lakes tributaries, USA",River,NA,NA,NA,12.2,21.5,NA,Uniform: median-max,Baldwin et al. (2016),333,5000,40.36722156,NA,NA,492.480103,492.480103,492.480103,0.492480103,sample
218,"Neuston net: 40 cm high, 333 Œºm mesh size. The net skimmed the upper 20-35 cm of the water.",40,333,5000,"Great Lakes tributaries, USA",River,NA,NA,NA,10.2,11.4,NA,Uniform: median-max,Baldwin et al. (2016),333,5000,40.36722156,NA,NA,411.7456599,411.7456599,411.7456599,0.41174566,sample
219,"Neuston net: 40 cm high, 333 Œºm mesh size. The net skimmed the upper 20-35 cm of the water.",40,333,5000,"Great Lakes tributaries, USA",River,NA,NA,NA,1.3,32.3,NA,Uniform: median-max,Baldwin et al. (2016),333,5000,40.36722156,NA,NA,52.47738803,52.47738803,52.47738803,0.052477388,sample
220,"Neuston net: 40 cm high, 333 Œºm mesh size. The net skimmed the upper 20-35 cm of the water.",40,333,5000,"Great Lakes tributaries, USA",River,NA,NA,NA,0.5,4.4,NA,Uniform: median-max,Baldwin et al. (2016),333,5000,40.36722156,NA,NA,20.18361078,20.18361078,20.18361078,0.020183611,sample
221,"Neuston net: 40 cm high, 333 Œºm mesh size. The net skimmed the upper 20-35 cm of the water.",40,333,5000,"Great Lakes tributaries, USA",River,NA,NA,NA,2.6,4.1,NA,Uniform: median-max,Baldwin et al. (2016),333,5000,40.36722156,NA,NA,104.9547761,104.9547761,104.9547761,0.104954776,sample
222,"Neuston net: 40 cm high, 333 Œºm mesh size. The net skimmed the upper 20-35 cm of the water.",40,333,5000,"Great Lakes tributaries, USA",River,NA,NA,NA,1.7,3.1,NA,Uniform: median-max,Baldwin et al. (2016),333,5000,40.36722156,NA,NA,68.62427665,68.62427665,68.62427665,0.068624277,sample
223,"Neuston net: 40 cm high, 333 Œºm mesh size. The net skimmed the upper 20-35 cm of the water.",40,333,5000,"Great Lakes tributaries, USA",River,NA,NA,NA,2.1,6.4,NA,Uniform: median-max,Baldwin et al. (2016),333,5000,40.36722156,NA,NA,84.77116527,84.77116527,84.77116527,0.084771165,sample
224,"Neuston net: 40 cm high, 333 Œºm mesh size. The net skimmed the upper 20-35 cm of the water.",40,333,5000,"Great Lakes tributaries, USA",River,NA,NA,NA,1,2,NA,Uniform: median-max,Baldwin et al. (2016),333,5000,40.36722156,NA,NA,40.36722156,40.36722156,40.36722156,0.040367222,sample
225,"Neuston net: 40 cm high, 333 Œºm mesh size. The net skimmed the upper 20-35 cm of the water.",40,333,5000,"Great Lakes tributaries, USA",River,NA,NA,NA,1.2,1.9,NA,Uniform: median-max,Baldwin et al. (2016),333,5000,40.36722156,NA,NA,48.44066587,48.44066587,48.44066587,0.048440666,sample
226,"Neuston net: 40 cm high, 333 Œºm mesh size. The net skimmed the upper 20-35 cm of the water.",40,333,5000,"Great Lakes tributaries, USA",River,NA,NA,NA,2.6,5.4,NA,Uniform: median-max,Baldwin et al. (2016),333,5000,40.36722156,NA,NA,104.9547761,104.9547761,104.9547761,0.104954776,sample
227,"Neuston net: 40 cm high, 333 Œºm mesh size. The net skimmed the upper 20-35 cm of the water.",40,333,5000,"Great Lakes tributaries, USA",River,NA,NA,NA,2.6,7.3,NA,Uniform: median-max,Baldwin et al. (2016),333,5000,40.36722156,NA,NA,104.9547761,104.9547761,104.9547761,0.104954776,sample
228,"Neuston net: 40 cm high, 333 Œºm mesh size. The net skimmed the upper 20-35 cm of the water.",40,333,5000,"Great Lakes tributaries, USA",River,NA,NA,NA,1.2,3.1,NA,Uniform: median-max,Baldwin et al. (2016),333,5000,40.36722156,NA,NA,48.44066587,48.44066587,48.44066587,0.048440666,sample
229,"Neuston net: 40 cm high, 333 Œºm mesh size. The net skimmed the upper 20-35 cm of the water.",40,333,5000,"Great Lakes tributaries, USA",River,NA,NA,NA,10.3,23.2,NA,Uniform: median-max,Baldwin et al. (2016),333,5000,40.36722156,NA,NA,415.782382,415.782382,415.782382,0.415782382,sample
230,"Neuston net: 40 cm high, 333 Œºm mesh size. The net skimmed the upper 20-35 cm of the water.",40,333,5000,"Great Lakes tributaries, USA",River,NA,NA,NA,4.1,31.1,NA,Uniform: median-max,Baldwin et al. (2016),333,5000,40.36722156,NA,NA,165.5056084,165.5056084,165.5056084,0.165505608,sample
231,"Neuston net: 40 cm high, 333 Œºm mesh size. The net skimmed the upper 20-35 cm of the water.",40,333,5000,"Great Lakes tributaries, USA",River,NA,NA,NA,3.3,4.6,NA,Uniform: median-max,Baldwin et al. (2016),333,5000,40.36722156,NA,NA,133.2118311,133.2118311,133.2118311,0.133211831,sample
232,"Neuston net: 40 cm high, 333 Œºm mesh size. The net skimmed the upper 20-35 cm of the water.",40,333,5000,"Great Lakes tributaries, USA",River,NA,NA,NA,2,12,NA,Uniform: median-max,Baldwin et al. (2016),333,5000,40.36722156,NA,NA,80.73444312,80.73444312,80.73444312,0.080734443,sample
233,"Manta trawl: 16 cm high, 333 Œºm mesh size.",16,333,5000,"Lake Huron, USA",Lake,0.00285,NA,NA,NA,NA,NA,NA,Eriksen et al. (2013),333,5000,40.36722156,0.115046581,NA,NA,0.115046581,0.115046581,0.000115047,sample
234,"Manta trawl: 16 cm high, 333 Œºm mesh size.",16,333,5000,"Lake Huron, USA",Lake,0.00768,NA,NA,NA,NA,NA,NA,Eriksen et al. (2013),333,5000,40.36722156,0.310020262,NA,NA,0.310020262,0.310020262,0.00031002,sample
235,"Manta trawl: 16 cm high, 333 Œºm mesh size.",16,333,5000,"Lake Huron, USA",Lake,0.0106,NA,NA,NA,NA,NA,NA,Eriksen et al. (2013),333,5000,40.36722156,0.427892549,NA,NA,0.427892549,0.427892549,0.000427893,sample
236,"Manta trawl: 16 cm high, 333 Œºm mesh size.",16,333,5000,"Lake Huron, USA",Lake,0.0138,NA,NA,NA,NA,NA,NA,Eriksen et al. (2013),333,5000,40.36722156,0.557067658,NA,NA,0.557067658,0.557067658,0.000557068,sample
237,"Manta trawl: 16 cm high, 333 Œºm mesh size.",16,333,5000,"Lake Huron, USA",Lake,0.0297,NA,NA,NA,NA,NA,NA,Eriksen et al. (2013),333,5000,40.36722156,1.19890648,NA,NA,1.19890648,1.19890648,0.001198906,sample
238,"Manta trawl: 16 cm high, 333 Œºm mesh size.",16,333,5000,"Lake Huron, USA",Lake,0.0335,NA,NA,NA,NA,NA,NA,Eriksen et al. (2013),333,5000,40.36722156,1.352301922,NA,NA,1.352301922,1.352301922,0.001352302,sample
239,"Manta trawl: 16 cm high, 333 Œºm mesh size.",16,333,5000,"Lake Huron, USA",Lake,0.0409,NA,NA,NA,NA,NA,NA,Eriksen et al. (2013),333,5000,40.36722156,1.651019362,NA,NA,1.651019362,1.651019362,0.001651019,sample
240,"Manta trawl: 16 cm high, 333 Œºm mesh size.",16,333,5000,"Lake Superior, USA",Lake,0.00798,NA,NA,NA,NA,NA,NA,Eriksen et al. (2013),333,5000,40.36722156,0.322130428,NA,NA,0.322130428,0.322130428,0.00032213,sample
241,"Manta trawl: 16 cm high, 333 Œºm mesh size.",16,333,5000,"Lake Superior, USA",Lake,0.0164,NA,NA,NA,NA,NA,NA,Eriksen et al. (2013),333,5000,40.36722156,0.662022434,NA,NA,0.662022434,0.662022434,0.000662022,sample
242,"Manta trawl: 16 cm high, 333 Œºm mesh size.",16,333,5000,"Lake Superior, USA",Lake,0.0221,NA,NA,NA,NA,NA,NA,Eriksen et al. (2013),333,5000,40.36722156,0.892115596,NA,NA,0.892115596,0.892115596,0.000892116,sample
243,"Manta trawl: 16 cm high, 333 Œºm mesh size.",16,333,5000,"Lake Superior, USA",Lake,0.043,NA,NA,NA,NA,NA,NA,Eriksen et al. (2013),333,5000,40.36722156,1.735790527,NA,NA,1.735790527,1.735790527,0.001735791,sample
244,"Manta trawl: 16 cm high, 333 Œºm mesh size.",16,333,5000,"Lake Superior, USA",Lake,0.079,NA,NA,NA,NA,NA,NA,Eriksen et al. (2013),333,5000,40.36722156,3.189010503,NA,NA,3.189010503,3.189010503,0.003189011,sample
245,"Manta trawl: 16 cm high, 333 Œºm mesh size.",16,333,5000,"Lake Erie, USA",Lake,0.0293,NA,NA,NA,NA,NA,NA,Eriksen et al. (2013),333,5000,40.36722156,1.182759592,NA,NA,1.182759592,1.182759592,0.00118276,sample
246,"Manta trawl: 16 cm high, 333 Œºm mesh size.",16,333,5000,"Lake Erie, USA",Lake,0.0379,NA,NA,NA,NA,NA,NA,Eriksen et al. (2013),333,5000,40.36722156,1.529917697,NA,NA,1.529917697,1.529917697,0.001529918,sample
247,"Manta trawl: 16 cm high, 333 Œºm mesh size.",16,333,5000,"Lake Erie, USA",Lake,0.0532,NA,NA,NA,NA,NA,NA,Eriksen et al. (2013),333,5000,40.36722156,2.147536187,NA,NA,2.147536187,2.147536187,0.002147536,sample
248,"Manta trawl: 16 cm high, 333 Œºm mesh size.",16,333,5000,"Lake Erie, USA",Lake,0.057,NA,NA,NA,NA,NA,NA,Eriksen et al. (2013),333,5000,40.36722156,2.300931629,NA,NA,2.300931629,2.300931629,0.002300932,sample
249,"Manta trawl: 16 cm high, 333 Œºm mesh size.",16,333,5000,"Lake Erie, USA",Lake,0.0705,NA,NA,NA,NA,NA,NA,Eriksen et al. (2013),333,5000,40.36722156,2.84588912,NA,NA,2.84588912,2.84588912,0.002845889,sample
250,"Manta trawl: 16 cm high, 333 Œºm mesh size.",16,333,5000,"Lake Erie, USA",Lake,0.357,NA,NA,NA,NA,NA,NA,Eriksen et al. (2013),333,5000,40.36722156,14.4110981,NA,NA,14.4110981,14.4110981,0.014411098,sample
251,"Manta trawl: 16 cm high, 333 Œºm mesh size.",16,333,5000,"Lake Erie, USA",Lake,1.76,NA,NA,NA,NA,NA,NA,Eriksen et al. (2013),333,5000,40.36722156,71.04630994,NA,NA,71.04630994,71.04630994,0.07104631,sample
252,"Manta trawl: 16 cm high, 333 Œºm mesh size.",16,333,5000,"Lake Erie, USA",Lake,2.91,NA,NA,NA,NA,NA,NA,Eriksen et al. (2013),333,5000,40.36722156,117.4686147,NA,NA,117.4686147,117.4686147,0.117468615,sample
253,Neuston net: 333 Œºm mesh size.,NA,333,5000,"North Shore Channel, Lake Michigan, USA",River,NA,NA,2.8,NA,NA,0.5,Normal: mean and SD,Hoellein et al. (2017),333,5000,40.36722156,NA,113.0282204,NA,NA,113.0282204,0.11302822,sample
254,Neuston net: 333 Œºm mesh size.,NA,333,5000,"North Shore Channel, Lake Michigan, USA",River,NA,NA,5,NA,NA,0.9,Normal: mean and SD,Hoellein et al. (2017),333,5000,40.36722156,NA,201.8361078,NA,NA,201.8361078,0.201836108,sample
255,Neuston net: 333 Œºm mesh size.,NA,333,5000,"North Shore Channel, Lake Michigan, USA",River,NA,NA,4.7,NA,NA,3.2,Normal: mean and SD,Hoellein et al. (2017),333,5000,40.36722156,NA,189.7259413,NA,NA,189.7259413,0.189725941,sample
256,Neuston net: 333 Œºm mesh size.,NA,333,5000,"North Shore Channel, Lake Michigan, USA",River,NA,NA,6.1,NA,NA,3.1,Normal: mean and SD,Hoellein et al. (2017),333,5000,40.36722156,NA,246.2400515,NA,NA,246.2400515,0.246240052,sample
257,Neuston net: 333 Œºm mesh size.,NA,333,5000,"North Shore Channel, Lake Michigan, USA",River,NA,NA,6.4,NA,NA,0.9,Normal: mean and SD,Hoellein et al. (2017),333,5000,40.36722156,NA,258.350218,NA,NA,258.350218,0.258350218,sample
258,"Neuston nets: 41-42 cm high, 333 Œºm mesh size.",41.5,333,5000,"North Shore Channel, Lake Michigan, USA",River,NA,NA,1.94,NA,NA,0.81,Normal: mean and SD,McCormick et al. (2014),333,5000,40.36722156,NA,78.31240982,NA,NA,78.31240982,0.07831241,sample
259,"Neuston nets: 41-42 cm high, 333 Œºm mesh size.",41.5,333,5000,"North Shore Channel, Lake Michigan, USA",River,NA,NA,17.9,NA,NA,11.1,Normal: mean and SD,McCormick et al. (2014),333,5000,40.36722156,NA,722.5732659,NA,NA,722.5732659,0.722573266,sample
260,"Bottles of 1.85 L, filtration at 450 nm.",NA,0.45,5000,"Snake and Columbia Rivers, USA",River,1120,NA,NA,NA,NA,NA,NA,Kapp and Yeatman (2018),0.45,5000,0.617909743,692.0589118,NA,NA,692.0589118,692.0589118,0.692058912,sample
261,"Bottles of 1.85 L, filtration at 450 nm.",NA,0.45,5000,"Snake and Columbia Rivers, USA",River,552,NA,NA,NA,NA,NA,NA,Kapp and Yeatman (2018),0.45,5000,0.617909743,341.0861779,NA,NA,341.0861779,341.0861779,0.341086178,sample
262,"Bottles of 1.85 L, filtration at 450 nm.",NA,0.45,5000,"Snake and Columbia Rivers, USA",River,559,NA,NA,NA,NA,NA,NA,Kapp and Yeatman (2018),0.45,5000,0.617909743,345.4115461,NA,NA,345.4115461,345.4115461,0.345411546,sample
263,"Bottles of 1.85 L, filtration at 450 nm.",NA,0.45,5000,"Snake and Columbia Rivers, USA",River,518,NA,NA,NA,NA,NA,NA,Kapp and Yeatman (2018),0.45,5000,0.617909743,320.0772467,NA,NA,320.0772467,320.0772467,0.320077247,sample
264,"Bottles of 1.85 L, filtration at 450 nm.",NA,0.45,5000,"Snake and Columbia Rivers, USA",River,517,NA,NA,NA,NA,NA,NA,Kapp and Yeatman (2018),0.45,5000,0.617909743,319.4593369,NA,NA,319.4593369,319.4593369,0.319459337,sample
265,"Bottles of 1.85 L, filtration at 450 nm.",NA,0.45,5000,"Snake and Columbia Rivers, USA",River,5410,NA,NA,NA,NA,NA,NA,Kapp and Yeatman (2018),0.45,5000,0.617909743,3342.891708,NA,NA,3342.891708,3342.891708,3.342891708,sample
266,"Bottles of 1.85 L, filtration at 450 nm.",NA,0.45,5000,"Snake and Columbia Rivers, USA",River,563,NA,NA,NA,NA,NA,NA,Kapp and Yeatman (2018),0.45,5000,0.617909743,347.8831851,NA,NA,347.8831851,347.8831851,0.347883185,sample
267,"Bottles of 1.85 L, filtration at 450 nm.",NA,0.45,5000,"Snake and Columbia Rivers, USA",River,1050,NA,NA,NA,NA,NA,NA,Kapp and Yeatman (2018),0.45,5000,0.617909743,648.8052298,NA,NA,648.8052298,648.8052298,0.64880523,sample
268,"Bottles of 1.85 L, filtration at 450 nm.",NA,0.45,5000,"Snake and Columbia Rivers, USA",River,632,NA,NA,NA,NA,NA,NA,Kapp and Yeatman (2018),0.45,5000,0.617909743,390.5189573,NA,NA,390.5189573,390.5189573,0.390518957,sample
269,"Bottles of 1.85 L, filtration at 450 nm.",NA,0.45,5000,"Snake and Columbia Rivers, USA",River,518,NA,NA,NA,NA,NA,NA,Kapp and Yeatman (2018),0.45,5000,0.617909743,320.0772467,NA,NA,320.0772467,320.0772467,0.320077247,sample
270,"Bottles of 1.85 L, filtration at 450 nm.",NA,0.45,5000,"Snake and Columbia Rivers, USA",River,493,NA,NA,NA,NA,NA,NA,Kapp and Yeatman (2018),0.45,5000,0.617909743,304.6295031,NA,NA,304.6295031,304.6295031,0.304629503,sample
271,"Bottles of 1.85 L, filtration at 450 nm.",NA,0.45,5000,"Snake and Columbia Rivers, USA",River,536,NA,NA,NA,NA,NA,NA,Kapp and Yeatman (2018),0.45,5000,0.617909743,331.1996221,NA,NA,331.1996221,331.1996221,0.331199622,sample
272,"Bottles of 1.85 L, filtration at 450 nm.",NA,0.45,5000,"Snake and Columbia Rivers, USA",River,526,NA,NA,NA,NA,NA,NA,Kapp and Yeatman (2018),0.45,5000,0.617909743,325.0205246,NA,NA,325.0205246,325.0205246,0.325020525,sample
273,"Bottles of 1.85 L, filtration at 450 nm.",NA,0.45,5000,"Snake and Columbia Rivers, USA",River,1080,NA,NA,NA,NA,NA,NA,Kapp and Yeatman (2018),0.45,5000,0.617909743,667.342522,NA,NA,667.342522,667.342522,0.667342522,sample
274,"Bottles of 1.85 L, filtration at 450 nm.",NA,0.45,5000,"Snake and Columbia Rivers, USA",River,538,NA,NA,NA,NA,NA,NA,Kapp and Yeatman (2018),0.45,5000,0.617909743,332.4354415,NA,NA,332.4354415,332.4354415,0.332435442,sample
275,"Bottles of 1.85 L, filtration at 450 nm.",NA,0.45,5000,"Snake and Columbia Rivers, USA",River,1710,NA,NA,NA,NA,NA,NA,Kapp and Yeatman (2018),0.45,5000,0.617909743,1056.62566,NA,NA,1056.62566,1056.62566,1.05662566,sample
276,"Bottles of 1.85 L, filtration at 450 nm.",NA,0.45,5000,"Snake and Columbia Rivers, USA",River,2140,NA,NA,NA,NA,NA,NA,Kapp and Yeatman (2018),0.45,5000,0.617909743,1322.326849,NA,NA,1322.326849,1322.326849,1.322326849,sample
277,"Bottles of 1.85 L, filtration at 450 nm.",NA,0.45,5000,"Snake and Columbia Rivers, USA",River,3200,NA,NA,NA,NA,NA,NA,Kapp and Yeatman (2018),0.45,5000,0.617909743,1977.311176,NA,NA,1977.311176,1977.311176,1.977311176,sample
278,"Bottles of 1.85 L, filtration at 450 nm.",NA,0.45,5000,"Snake and Columbia Rivers, USA",River,1710,NA,NA,NA,NA,NA,NA,Kapp and Yeatman (2018),0.45,5000,0.617909743,1056.62566,NA,NA,1056.62566,1056.62566,1.05662566,sample
279,"Bottles of 1.85 L, filtration at 450 nm.",NA,0.45,5000,"Snake and Columbia Rivers, USA",River,1110,NA,NA,NA,NA,NA,NA,Kapp and Yeatman (2018),0.45,5000,0.617909743,685.8798143,NA,NA,685.8798143,685.8798143,0.685879814,sample
280,"Bottles of 1.85 L, filtration at 450 nm.",NA,0.45,5000,"Snake and Columbia Rivers, USA",River,1090,NA,NA,NA,NA,NA,NA,Kapp and Yeatman (2018),0.45,5000,0.617909743,673.5216195,NA,NA,673.5216195,673.5216195,0.673521619,sample
281,"Bottles of 1.85 L, filtration at 450 nm.",NA,0.45,5000,"Snake and Columbia Rivers, USA",River,1120,NA,NA,NA,NA,NA,NA,Kapp and Yeatman (2018),0.45,5000,0.617909743,692.0589118,NA,NA,692.0589118,692.0589118,0.692058912,sample
282,Plankton net: 100 Œºm mesh size,NA,100,5000,"Snake and Columbia Rivers, USA",River,0.246,NA,NA,NA,NA,NA,NA,Kapp and Yeatman (2018),100,5000,17.41918476,4.285119452,NA,NA,4.285119452,4.285119452,0.004285119,sample
283,Plankton net: 100 Œºm mesh size,NA,100,5000,"Snake and Columbia Rivers, USA",River,2.28,NA,NA,NA,NA,NA,NA,Kapp and Yeatman (2018),100,5000,17.41918476,39.71574126,NA,NA,39.71574126,39.71574126,0.039715741,sample
284,Plankton net: 100 Œºm mesh size,NA,100,5000,"Snake and Columbia Rivers, USA",River,0.98,NA,NA,NA,NA,NA,NA,Kapp and Yeatman (2018),100,5000,17.41918476,17.07080107,NA,NA,17.07080107,17.07080107,0.017070801,sample
285,Plankton net: 100 Œºm mesh size,NA,100,5000,"Snake and Columbia Rivers, USA",River,0.832,NA,NA,NA,NA,NA,NA,Kapp and Yeatman (2018),100,5000,17.41918476,14.49276172,NA,NA,14.49276172,14.49276172,0.014492762,sample
286,Plankton net: 100 Œºm mesh size,NA,100,5000,"Snake and Columbia Rivers, USA",River,0.556,NA,NA,NA,NA,NA,NA,Kapp and Yeatman (2018),100,5000,17.41918476,9.685066729,NA,NA,9.685066729,9.685066729,0.009685067,sample
287,Plankton net: 100 Œºm mesh size,NA,100,5000,"Snake and Columbia Rivers, USA",River,0.525,NA,NA,NA,NA,NA,NA,Kapp and Yeatman (2018),100,5000,17.41918476,9.145072001,NA,NA,9.145072001,9.145072001,0.009145072,sample
288,Plankton net: 100 Œºm mesh size,NA,100,5000,"Snake and Columbia Rivers, USA",River,0.54,NA,NA,NA,NA,NA,NA,Kapp and Yeatman (2018),100,5000,17.41918476,9.406359773,NA,NA,9.406359773,9.406359773,0.00940636,sample
289,Plankton net: 100 Œºm mesh size,NA,100,5000,"Snake and Columbia Rivers, USA",River,3.5,NA,NA,NA,NA,NA,NA,Kapp and Yeatman (2018),100,5000,17.41918476,60.96714667,NA,NA,60.96714667,60.96714667,0.060967147,sample
290,Plankton net: 100 Œºm mesh size,NA,100,5000,"Snake and Columbia Rivers, USA",River,1.44,NA,NA,NA,NA,NA,NA,Kapp and Yeatman (2018),100,5000,17.41918476,25.08362606,NA,NA,25.08362606,25.08362606,0.025083626,sample
291,Plankton net: 100 Œºm mesh size,NA,100,5000,"Snake and Columbia Rivers, USA",River,4.79,NA,NA,NA,NA,NA,NA,Kapp and Yeatman (2018),100,5000,17.41918476,83.43789502,NA,NA,83.43789502,83.43789502,0.083437895,sample
292,Plankton net: 100 Œºm mesh size,NA,100,5000,"Snake and Columbia Rivers, USA",River,0.611,NA,NA,NA,NA,NA,NA,Kapp and Yeatman (2018),100,5000,17.41918476,10.64312189,NA,NA,10.64312189,10.64312189,0.010643122,sample
293,Plankton net: 100 Œºm mesh size,NA,100,5000,"Snake and Columbia Rivers, USA",River,1.29,NA,NA,NA,NA,NA,NA,Kapp and Yeatman (2018),100,5000,17.41918476,22.47074835,NA,NA,22.47074835,22.47074835,0.022470748,sample
294,Plankton net: 100 Œºm mesh size,NA,100,5000,"Snake and Columbia Rivers, USA",River,9.49,NA,NA,NA,NA,NA,NA,Kapp and Yeatman (2018),100,5000,17.41918476,165.3080634,NA,NA,165.3080634,165.3080634,0.165308063,sample
295,Plankton net: 100 Œºm mesh size,NA,100,5000,"Snake and Columbia Rivers, USA",River,1.39,NA,NA,NA,NA,NA,NA,Kapp and Yeatman (2018),100,5000,17.41918476,24.21266682,NA,NA,24.21266682,24.21266682,0.024212667,sample
296,Plankton net: 100 Œºm mesh size,NA,100,5000,"Snake and Columbia Rivers, USA",River,13.7,NA,NA,NA,NA,NA,NA,Kapp and Yeatman (2018),100,5000,17.41918476,238.6428313,NA,NA,238.6428313,238.6428313,0.238642831,sample
297,Plankton net: 100 Œºm mesh size,NA,100,5000,"Snake and Columbia Rivers, USA",River,1.27,NA,NA,NA,NA,NA,NA,Kapp and Yeatman (2018),100,5000,17.41918476,22.12236465,NA,NA,22.12236465,22.12236465,0.022122365,sample
298,Plankton net: 100 Œºm mesh size,NA,100,5000,"Snake and Columbia Rivers, USA",River,2.13,NA,NA,NA,NA,NA,NA,Kapp and Yeatman (2018),100,5000,17.41918476,37.10286355,NA,NA,37.10286355,37.10286355,0.037102864,sample
299,Plankton net: 100 Œºm mesh size,NA,100,5000,"Snake and Columbia Rivers, USA",River,4.84,NA,NA,NA,NA,NA,NA,Kapp and Yeatman (2018),100,5000,17.41918476,84.30885426,NA,NA,84.30885426,84.30885426,0.084308854,sample
300,Plankton net: 100 Œºm mesh size,NA,100,5000,"Snake and Columbia Rivers, USA",River,1.93,NA,NA,NA,NA,NA,NA,Kapp and Yeatman (2018),100,5000,17.41918476,33.61902659,NA,NA,33.61902659,33.61902659,0.033619027,sample
301,Plankton net: 100 Œºm mesh size,NA,100,5000,"Snake and Columbia Rivers, USA",River,1.44,NA,NA,NA,NA,NA,NA,Kapp and Yeatman (2018),100,5000,17.41918476,25.08362606,NA,NA,25.08362606,25.08362606,0.025083626,sample
302,Plankton net: 100 Œºm mesh size,NA,100,5000,"Snake and Columbia Rivers, USA",River,1.09,NA,NA,NA,NA,NA,NA,Kapp and Yeatman (2018),100,5000,17.41918476,18.98691139,NA,NA,18.98691139,18.98691139,0.018986911,sample
303,Plankton net: 100 Œºm mesh size,NA,100,5000,"Snake and Columbia Rivers, USA",River,1.43,NA,NA,NA,NA,NA,NA,Kapp and Yeatman (2018),100,5000,17.41918476,24.90943421,NA,NA,24.90943421,24.90943421,0.024909434,sample
304,Plankton net: 100 Œºm mesh size,NA,100,5000,"Snake and Columbia Rivers, USA",River,2.53,NA,NA,NA,NA,NA,NA,Kapp and Yeatman (2018),100,5000,17.41918476,44.07053745,NA,NA,44.07053745,44.07053745,0.044070537,sample
305,Plankton net: 100 Œºm mesh size,NA,100,5000,"Snake and Columbia Rivers, USA",River,4.7,NA,NA,NA,NA,NA,NA,Kapp and Yeatman (2018),100,5000,17.41918476,81.87016839,NA,NA,81.87016839,81.87016839,0.081870168,sample
306,Plankton net: 100 Œºm mesh size,NA,100,5000,"Snake and Columbia Rivers, USA",River,2.93,NA,NA,NA,NA,NA,NA,Kapp and Yeatman (2018),100,5000,17.41918476,51.03821136,NA,NA,51.03821136,51.03821136,0.051038211,sample
307,Plankton net: 100 Œºm mesh size,NA,100,5000,"Snake and Columbia Rivers, USA",River,4.43,NA,NA,NA,NA,NA,NA,Kapp and Yeatman (2018),100,5000,17.41918476,77.1669885,NA,NA,77.1669885,77.1669885,0.077166989,sample
308,Plankton net: 100 Œºm mesh size,NA,100,5000,"Snake and Columbia Rivers, USA",River,3.65,NA,NA,NA,NA,NA,NA,Kapp and Yeatman (2018),100,5000,17.41918476,63.58002439,NA,NA,63.58002439,63.58002439,0.063580024,sample
309,"Neuston net: 36 cm high, 333 Œºm mesh size",36,333,5000,"Higgen's Creek, Chicago, USA",River,NA,NA,0.57,NA,NA,0.16,Normal: mean and SD,(McCormick et al. 2016),333,5000,40.36722156,NA,23.00931629,NA,NA,23.00931629,0.023009316,sample
310,"Neuston net: 36 cm high, 333 Œºm mesh size",36,333,5000,"Higgen's Creek, Chicago, USA",River,NA,NA,11.2,NA,NA,1.53,Normal: mean and SD,(McCormick et al. 2016),333,5000,40.36722156,NA,452.1128815,NA,NA,452.1128815,0.452112881,sample
311,"Neuston net: 36 cm high, 333 Œºm mesh size",36,333,5000,"Springbrook Creek, Chicago, USA",River,NA,NA,1.17,NA,NA,0.05,Normal: mean and SD,(McCormick et al. 2016),333,5000,40.36722156,NA,47.22964922,NA,NA,47.22964922,0.047229649,sample
312,"Neuston net: 36 cm high, 333 Œºm mesh size",36,333,5000,"Springbrook Creek, Chicago, USA",River,NA,NA,5.39,NA,NA,1.82,Normal: mean and SD,(McCormick et al. 2016),333,5000,40.36722156,NA,217.5793242,NA,NA,217.5793242,0.217579324,sample
313,"Neuston net: 36 cm high, 333 Œºm mesh size",36,333,5000,"L Kickapoo Creek, Chicago, USA",River,NA,NA,1.24,NA,NA,0.43,Normal: mean and SD,(McCormick et al. 2016),333,5000,40.36722156,NA,50.05535473,NA,NA,50.05535473,0.050055355,sample
314,"Neuston net: 36 cm high, 333 Œºm mesh size",36,333,5000,"L Kickapoo Creek, Chicago, USA",River,NA,NA,0.8,NA,NA,0.3,Normal: mean and SD,(McCormick et al. 2016),333,5000,40.36722156,NA,32.29377725,NA,NA,32.29377725,0.032293777,sample
315,"Neuston net: 36 cm high, 333 Œºm mesh size",36,333,5000,"N Shore Channel, Chicago, USA",River,NA,NA,3.36,NA,NA,0.74,Normal: mean and SD,(McCormick et al. 2016),333,5000,40.36722156,NA,135.6338644,NA,NA,135.6338644,0.135633864,sample
316,"Neuston net: 36 cm high, 333 Œºm mesh size",36,333,5000,"N Shore Channel, Chicago, USA",River,NA,NA,6.6,NA,NA,1.37,Normal: mean and SD,(McCormick et al. 2016),333,5000,40.36722156,NA,266.4236623,NA,NA,266.4236623,0.266423662,sample
317,"Neuston net: 36 cm high, 333 Œºm mesh size",36,333,5000,"Goose Creek, Chicago, USA",River,NA,NA,4.37,NA,NA,1.52,Normal: mean and SD,(McCormick et al. 2016),333,5000,40.36722156,NA,176.4047582,NA,NA,176.4047582,0.176404758,sample
318,"Neuston net: 36 cm high, 333 Œºm mesh size",36,333,5000,"Goose Creek, Chicago, USA",River,NA,NA,2.53,NA,NA,1.36,Normal: mean and SD,(McCormick et al. 2016),333,5000,40.36722156,NA,102.1290705,NA,NA,102.1290705,0.102129071,sample
319,"Neuston net: 36 cm high, 333 Œºm mesh size",36,333,5000,"DuPage River, Chicago, USA",River,NA,NA,5.92,NA,NA,1.14,Normal: mean and SD,(McCormick et al. 2016),333,5000,40.36722156,NA,238.9739516,NA,NA,238.9739516,0.238973952,sample
320,"Neuston net: 36 cm high, 333 Œºm mesh size",36,333,5000,"DuPage River, Chicago, USA",River,NA,NA,10.3,NA,NA,4.14,Normal: mean and SD,(McCormick et al. 2016),333,5000,40.36722156,NA,415.782382,NA,NA,415.782382,0.415782382,sample
321,"Neuston net: 36 cm high, 333 Œºm mesh size",36,333,5000,"W Br DuPage River, Chicago, USA",River,NA,NA,0.93,NA,NA,0.25,Normal: mean and SD,(McCormick et al. 2016),333,5000,40.36722156,NA,37.54151605,NA,NA,37.54151605,0.037541516,sample
322,"Neuston net: 36 cm high, 333 Œºm mesh size",36,333,5000,"W Br DuPage River, Chicago, USA",River,NA,NA,2.96,NA,NA,0.27,Normal: mean and SD,(McCormick et al. 2016),333,5000,40.36722156,NA,119.4869758,NA,NA,119.4869758,0.119486976,sample
323,"Neuston net: 36 cm high, 333 Œºm mesh size",36,333,5000,"Salt Creek, Chicago, USA",River,NA,NA,0.48,NA,NA,0.09,Normal: mean and SD,(McCormick et al. 2016),333,5000,40.36722156,NA,19.37626635,NA,NA,19.37626635,0.019376266,sample
324,"Neuston net: 36 cm high, 333 Œºm mesh size",36,333,5000,"Salt Creek, Chicago, USA",River,NA,NA,3.73,NA,NA,1.6,Normal: mean and SD,(McCormick et al. 2016),333,5000,40.36722156,NA,150.5697364,NA,NA,150.5697364,0.150569736,sample
325,"Neuston net: 36 cm high, 333 Œºm mesh size",36,333,5000,"E Br DuPage River, Chicago, USA",River,NA,NA,3.14,NA,NA,0.62,Normal: mean and SD,(McCormick et al. 2016),333,5000,40.36722156,NA,126.7530757,NA,NA,126.7530757,0.126753076,sample
326,"Neuston net: 36 cm high, 333 Œºm mesh size",36,333,5000,"E Br DuPage River, Chicago, USA",River,NA,NA,8.86,NA,NA,3.83,Normal: mean and SD,(McCormick et al. 2016),333,5000,40.36722156,NA,357.653583,NA,NA,357.653583,0.357653583,sample
327,"Trawl net (16 x 61 cm), mesh size 333 Œºm",16,333,5000,"Lake Hovsgol, Mongolia",Lake,0.127,NA,NA,NA,NA,NA,NA,Free et al. (2014),333,5000,40.36722156,5.126637138,NA,NA,5.126637138,5.126637138,0.005126637,sample
328,"Trawl net (16 x 61 cm), mesh size 333 Œºm",16,333,5000,"Lake Hovsgol, Mongolia",Lake,0.256,NA,NA,NA,NA,NA,NA,Free et al. (2014),333,5000,40.36722156,10.33400872,NA,NA,10.33400872,10.33400872,0.010334009,sample
329,"Trawl net (16 x 61 cm), mesh size 333 Œºm",16,333,5000,"Lake Hovsgol, Mongolia",Lake,0.0781,NA,NA,NA,NA,NA,NA,Free et al. (2014),333,5000,40.36722156,3.152680004,NA,NA,3.152680004,3.152680004,0.00315268,sample
330,"Trawl net (16 x 61 cm), mesh size 333 Œºm",16,333,5000,"Lake Hovsgol, Mongolia",Lake,0.0606,NA,NA,NA,NA,NA,NA,Free et al. (2014),333,5000,40.36722156,2.446253626,NA,NA,2.446253626,2.446253626,0.002446254,sample
331,"Trawl net (16 x 61 cm), mesh size 333 Œºm",16,333,5000,"Lake Hovsgol, Mongolia",Lake,0.0589,NA,NA,NA,NA,NA,NA,Free et al. (2014),333,5000,40.36722156,2.37762935,NA,NA,2.37762935,2.37762935,0.002377629,sample
332,"Trawl net (16 x 61 cm), mesh size 333 Œºm",16,333,5000,"Lake Hovsgol, Mongolia",Lake,0.0865,NA,NA,NA,NA,NA,NA,Free et al. (2014),333,5000,40.36722156,3.491764665,NA,NA,3.491764665,3.491764665,0.003491765,sample
333,"Trawl net (16 x 61 cm), mesh size 333 Œºm",16,333,5000,"Lake Hovsgol, Mongolia",Lake,0.00623,NA,NA,NA,NA,NA,NA,Free et al. (2014),333,5000,40.36722156,0.25148779,NA,NA,0.25148779,0.25148779,0.000251488,sample
334,"Trawl net (16 x 61 cm), mesh size 333 Œºm",16,333,5000,"Lake Hovsgol, Mongolia",Lake,0.0639,NA,NA,NA,NA,NA,NA,Free et al. (2014),333,5000,40.36722156,2.579465458,NA,NA,2.579465458,2.579465458,0.002579465,sample
335,"Trawl net (16 x 61 cm), mesh size 333 Œºm",16,333,5000,"Lake Hovsgol, Mongolia",Lake,0.187,NA,NA,NA,NA,NA,NA,Free et al. (2014),333,5000,40.36722156,7.548670431,NA,NA,7.548670431,7.548670431,0.00754867,sample
336,"Handnets (mesh sizes 800 and 500 Œºm), manta trawl net (mesh size 333 Œºm), streambed sampler (mesh size 333 Œºm), rectangular net (mesh size 333 Œºm)",NA,800,5000,"Coyote Creek, CA, USA",River,74,NA,NA,NA,NA,NA,NA,Moore et al. (2011),800,5000,82.24575054,6086.18554,NA,NA,6086.18554,6086.18554,6.08618554,sample
337,"Handnets (mesh sizes 800 and 500 Œºm), manta trawl net (mesh size 333 Œºm), streambed sampler (mesh size 333 Œºm), rectangular net (mesh size 333 Œºm)",NA,800,5000,"Coyote Creek, CA, USA",River,18,NA,NA,NA,NA,NA,NA,Moore et al. (2011),800,5000,82.24575054,1480.42351,NA,NA,1480.42351,1480.42351,1.48042351,sample
338,"Handnets (mesh sizes 800 and 500 Œºm), manta trawl net (mesh size 333 Œºm), streambed sampler (mesh size 333 Œºm), rectangular net (mesh size 333 Œºm)",NA,800,5000,"Coyote Creek, CA, USA",River,7,NA,NA,NA,NA,NA,NA,Moore et al. (2011),800,5000,82.24575054,575.7202538,NA,NA,575.7202538,575.7202538,0.575720254,sample
339,"Handnets (mesh sizes 800 and 500 Œºm), manta trawl net (mesh size 333 Œºm), streambed sampler (mesh size 333 Œºm), rectangular net (mesh size 333 Œºm)",NA,800,5000,"San Gabriel River, CA, USA",River,214,NA,NA,NA,NA,NA,NA,Moore et al. (2011),800,5000,82.24575054,17600.59062,NA,NA,17600.59062,17600.59062,17.60059062,sample
340,"Handnets (mesh sizes 800 and 500 Œºm), manta trawl net (mesh size 333 Œºm), streambed sampler (mesh size 333 Œºm), rectangular net (mesh size 333 Œºm)",NA,800,5000,"San Gabriel River, CA, USA",River,30,NA,NA,NA,NA,NA,NA,Moore et al. (2011),800,5000,82.24575054,2467.372516,NA,NA,2467.372516,2467.372516,2.467372516,sample
341,"Handnets (mesh sizes 800 and 500 Œºm), manta trawl net (mesh size 333 Œºm), streambed sampler (mesh size 333 Œºm), rectangular net (mesh size 333 Œºm)",NA,800,5000,"Los Angeles River, CA, USA",River,12900,NA,NA,NA,NA,NA,NA,Moore et al. (2011),800,5000,82.24575054,1060970.182,NA,NA,1060970.182,1060970.182,1060.970182,sample
342,"Handnets (mesh sizes 800 and 500 Œºm), manta trawl net (mesh size 333 Œºm), streambed sampler (mesh size 333 Œºm), rectangular net (mesh size 333 Œºm)",NA,800,5000,"Los Angeles River, CA, USA",River,36,NA,NA,NA,NA,NA,NA,Moore et al. (2011),800,5000,82.24575054,2960.847019,NA,NA,2960.847019,2960.847019,2.960847019,sample
343,"Handnets (mesh sizes 800 and 500 Œºm), manta trawl net (mesh size 333 Œºm), streambed sampler (mesh size 333 Œºm), rectangular net (mesh size 333 Œºm)",NA,800,5000,"Los Angeles River, CA, USA",River,22,NA,NA,NA,NA,NA,NA,Moore et al. (2011),800,5000,82.24575054,1809.406512,NA,NA,1809.406512,1809.406512,1.809406512,sample
344,"Manta trawl net (16 x 61 cm), mesh size 100 Œºm",16,100,5000,"Lake Huron, USA",Lake,NA,1.09,0.0126,NA,0.032,NA,Triangular: min-mean-max,Cable et al. (2017),100,5000,17.41918476,NA,0.219481728,NA,NA,0.219481728,0.000219482,sample
345,"Manta trawl net (16 x 61 cm), mesh size 100 Œºm",16,100,5000,"Lake Huron, USA",Lake,NA,0,42.6,NA,0.0108,NA,Triangular: min-mean-max,Cable et al. (2017),100,5000,17.41918476,NA,742.0572709,NA,NA,742.0572709,0.742057271,sample
346,"Manta trawl net (16 x 61 cm), mesh size 100 Œºm",16,100,5000,"Lake Huron, USA",Lake,NA,10.7,36,NA,75.5,NA,Triangular: min-mean-max,Cable et al. (2017),100,5000,17.41918476,NA,627.0906515,NA,NA,627.0906515,0.627090652,sample
347,"Manta trawl net (16 x 61 cm), mesh size 100 Œºm",16,100,5000,"Lake Huron, USA",Lake,NA,8.13,478,NA,1420,NA,Triangular: min-mean-max,Cable et al. (2017),100,5000,17.41918476,NA,8326.370317,NA,NA,8326.370317,8.326370317,sample
348,"Manta trawl net (16 x 61 cm), mesh size 100 Œºm",16,100,5000,"Lake Huron, USA",Lake,NA,0,198,NA,592,NA,Triangular: min-mean-max,Cable et al. (2017),100,5000,17.41918476,NA,3448.998583,NA,NA,3448.998583,3.448998583,sample
349,"Manta trawl net (16 x 61 cm), mesh size 100 Œºm",16,100,5000,"Lake Huron, USA",Lake,NA,0,5.22,NA,10.3,NA,Triangular: min-mean-max,Cable et al. (2017),100,5000,17.41918476,NA,90.92814447,NA,NA,90.92814447,0.090928144,sample
350,"Manta trawl net (16 x 61 cm), mesh size 100 Œºm",16,100,5000,"Lake Huron, USA",Lake,NA,0,1.12,NA,3.36,NA,Triangular: min-mean-max,Cable et al. (2017),100,5000,17.41918476,NA,19.50948694,NA,NA,19.50948694,0.019509487,sample
351,"Manta trawl net (16 x 61 cm), mesh size 100 Œºm",16,100,5000,"Lake Huron, USA",Lake,NA,379,555,NA,834,NA,Triangular: min-mean-max,Cable et al. (2017),100,5000,17.41918476,NA,9667.647544,NA,NA,9667.647544,9.667647544,sample
352,"Manta trawl net (16 x 61 cm), mesh size 100 Œºm",16,100,5000,"Lake Huron, USA",Lake,NA,395,466,NA,563,NA,Triangular: min-mean-max,Cable et al. (2017),100,5000,17.41918476,NA,8117.3401,NA,NA,8117.3401,8.1173401,sample
353,"Manta trawl net (16 x 61 cm), mesh size 100 Œºm",16,100,5000,"Lake St. Clair, USA",Lake,4.69,NA,NA,NA,NA,NA,NA,Cable et al. (2017),100,5000,17.41918476,81.69597654,NA,NA,81.69597654,81.69597654,0.081695977,sample
354,"Manta trawl net (16 x 61 cm), mesh size 100 Œºm",16,100,5000,"Lake St. Clair, USA",Lake,NA,44.5,1040,NA,1980,NA,Triangular: min-mean-max,Cable et al. (2017),100,5000,17.41918476,NA,18115.95215,NA,NA,18115.95215,18.11595215,sample
355,"Manta trawl net (16 x 61 cm), mesh size 100 Œºm",16,100,5000,"Lake St. Clair, USA",Lake,NA,12.1,32.2,NA,64.3,NA,Triangular: min-mean-max,Cable et al. (2017),100,5000,17.41918476,NA,560.8977494,NA,NA,560.8977494,0.560897749,sample
356,"Manta trawl net (16 x 61 cm), mesh size 100 Œºm",16,100,5000,"Lake Erie, USA",Lake,NA,93.1,728,NA,1120,NA,Triangular: min-mean-max,Cable et al. (2017),100,5000,17.41918476,NA,12681.16651,NA,NA,12681.16651,12.68116651,sample
357,"Manta trawl net (16 x 61 cm), mesh size 100 Œºm",16,100,5000,"Lake Erie, USA",Lake,NA,4.27,4.85,NA,5.26,NA,Triangular: min-mean-max,Cable et al. (2017),100,5000,17.41918476,NA,84.48304611,NA,NA,84.48304611,0.084483046,sample
358,"Manta trawl net (16 x 61 cm), mesh size 100 Œºm",16,100,5000,"Lake Erie, USA",Lake,NA,8.1,122,NA,250,NA,Triangular: min-mean-max,Cable et al. (2017),100,5000,17.41918476,NA,2125.140541,NA,NA,2125.140541,2.125140541,sample
359,"Manta trawl net (16 x 61 cm), mesh size 100 Œºm",16,100,5000,"Lake Erie, USA",Lake,NA,8.56,24.2,NA,49.1,NA,Triangular: min-mean-max,Cable et al. (2017),100,5000,17.41918476,NA,421.5442713,NA,NA,421.5442713,0.421544271,sample
360,"Manta trawl net (16 x 61 cm), mesh size 100 Œºm",16,100,5000,"Lake Erie, USA",Lake,NA,0,3.22,NA,9.66,NA,Triangular: min-mean-max,Cable et al. (2017),100,5000,17.41918476,NA,56.08977494,NA,NA,56.08977494,0.056089775,sample
361,"Manta trawl net (16 x 61 cm), mesh size 100 Œºm",16,100,5000,"Lake Erie, USA",Lake,NA,1.6,162,NA,472,NA,Triangular: min-mean-max,Cable et al. (2017),100,5000,17.41918476,NA,2821.907932,NA,NA,2821.907932,2.821907932,sample
362,"Manta trawl net (16 x 61 cm), mesh size 100 Œºm",16,100,5000,"Lake Erie, USA",Lake,NA,1.62,2.26,NA,3.39,NA,Triangular: min-mean-max,Cable et al. (2017),100,5000,17.41918476,NA,39.36735757,NA,NA,39.36735757,0.039367358,sample
363,"Manta trawl net (16 x 61 cm), mesh size 100 Œºm",16,100,5000,"Lake Erie, USA",Lake,NA,11.2,688,NA,2020,NA,Triangular: min-mean-max,Cable et al. (2017),100,5000,17.41918476,NA,11984.39912,NA,NA,11984.39912,11.98439912,sample
364,"Manta trawl net (16 x 61 cm), mesh size 100 Œºm",16,100,5000,"Lake Erie, USA",Lake,NA,1080,1150,NA,1280,NA,Triangular: min-mean-max,Cable et al. (2017),100,5000,17.41918476,NA,20032.06248,NA,NA,20032.06248,20.03206248,sample
365,"Manta trawl net (16 x 61 cm), mesh size 100 Œºm",16,100,5000,"Lake Erie, USA",Lake,NA,14.1,18.6,NA,21.6,NA,Triangular: min-mean-max,Cable et al. (2017),100,5000,17.41918476,NA,323.9968366,NA,NA,323.9968366,0.323996837,sample
366,"Manta trawl net (16 x 61 cm), mesh size 100 Œºm",16,100,5000,"Lake Erie, USA",Lake,NA,15.8,357,NA,992,NA,Triangular: min-mean-max,Cable et al. (2017),100,5000,17.41918476,NA,6218.648961,NA,NA,6218.648961,6.218648961,sample
367,"Manta trawl net (16 x 61 cm), mesh size 100 Œºm",16,100,5000,"Lake Erie, USA",Lake,NA,5.31,195,NA,574,NA,Triangular: min-mean-max,Cable et al. (2017),100,5000,17.41918476,NA,3396.741029,NA,NA,3396.741029,3.396741029,sample
368,"Manta trawl net (16 x 61 cm), mesh size 100 Œºm",16,100,5000,"Lake Erie, USA",Lake,NA,6.46,82.6,NA,170,NA,Triangular: min-mean-max,Cable et al. (2017),100,5000,17.41918476,NA,1438.824662,NA,NA,1438.824662,1.438824662,sample
369,"Manta trawl net (16 x 61 cm), mesh size 100 Œºm",16,100,5000,"Lake Erie, USA",Lake,NA,51.8,222,NA,496,NA,Triangular: min-mean-max,Cable et al. (2017),100,5000,17.41918476,NA,3867.059018,NA,NA,3867.059018,3.867059018,sample
370,"Manta trawl net (16 x 61 cm), mesh size 100 Œºm",16,100,5000,"Lake Erie, USA",Lake,NA,11.3,45.8,NA,67.7,NA,Triangular: min-mean-max,Cable et al. (2017),100,5000,17.41918476,NA,797.7986622,NA,NA,797.7986622,0.797798662,sample
371,"Manta trawl net (16 x 61 cm), mesh size 100 Œºm",16,100,5000,"Lake Erie, USA",Lake,NA,3.3,286,NA,846,NA,Triangular: min-mean-max,Cable et al. (2017),100,5000,17.41918476,NA,4981.886842,NA,NA,4981.886842,4.981886842,sample
372,"Manta trawl net (16 x 61 cm), mesh size 100 Œºm",16,100,5000,"Lake Erie, USA",Lake,NA,4.94,14,NA,19.8,NA,Triangular: min-mean-max,Cable et al. (2017),100,5000,17.41918476,NA,243.8685867,NA,NA,243.8685867,0.243868587,sample
373,"Manta trawl net (16 x 61 cm), mesh size 100 Œºm",16,100,5000,"Lake Erie, USA",Lake,NA,3.71,131,NA,274,NA,Triangular: min-mean-max,Cable et al. (2017),100,5000,17.41918476,NA,2281.913204,NA,NA,2281.913204,2.281913204,sample
374,"Manta trawl net (16 x 61 cm), mesh size 100 Œºm",16,100,5000,"Lake Erie, USA",Lake,NA,27,87.5,NA,165,NA,Triangular: min-mean-max,Cable et al. (2017),100,5000,17.41918476,NA,1524.178667,NA,NA,1524.178667,1.524178667,sample
375,"Manta trawl net (16 x 61 cm), mesh size 100 Œºm",16,100,5000,"Lake Erie, USA",Lake,NA,234,624,NA,1300,NA,Triangular: min-mean-max,Cable et al. (2017),100,5000,17.41918476,NA,10869.57129,NA,NA,10869.57129,10.86957129,sample
376,"Manta trawl net (16 x 61 cm), mesh size 100 Œºm",16,100,5000,"Lake Superior, USA",Lake,NA,1.86,9.5,NA,16,NA,Triangular: min-mean-max,Cable et al. (2017),100,5000,17.41918476,NA,165.4822553,NA,NA,165.4822553,0.165482255,sample
377,"Manta trawl net (16 x 61 cm), mesh size 100 Œºm",16,100,5000,"Lake Superior, USA",Lake,NA,3.33,173,NA,509,NA,Triangular: min-mean-max,Cable et al. (2017),100,5000,17.41918476,NA,3013.518964,NA,NA,3013.518964,3.013518964,sample
